GOP_Index,Global_Frame_ID,Is_Test,Encode_Order,Type,POC,QP,Bits,Scenecut,I/P_cost_ratio,Y_PSNR,U_PSNR,V_PSNR,YUV_PSNR,Latency,List_0,List_1,Intra_64x64_DC,Intra_64x64_Planar,Intra_64x64_Ang,Intra_32x32_DC,Intra_32x32_Planar,Intra_32x32_Ang,Intra_16x16_DC,Intra_16x16_Planar,Intra_16x16_Ang,Intra_8x8_DC,Intra_8x8_Planar,Intra_8x8_Ang,4x4,Inter_64x64,Inter_64x64_(Rect),Inter_32x32,Inter_32x32_(Rect),Inter_16x16,Inter_16x16_(Rect),Inter_8x8,Inter_8x8_(Rect),Skip_64x64,Skip_32x32,Skip_16x16,Skip_8x8,Merge_64x64,Merge_32x32,Merge_16x16,Merge_8x8,Avg_Luma_Distortion,Avg_Chroma_Distortion,Avg_psyEnergy,Avg_Residual_Energy,Min_Luma_Level,Max_Luma_Level,Avg_Luma_Level,Min_Cb_Level,Max_Cb_Level,Avg_Cb_Level,Min_Cr_Level,Max_Cr_Level,Avg_Cr_Level,Intra_64x64,Skip_64x64.1,AMP_64,Inter_64x64.1,Merge_64x64.1,Inter_64x32,Merge_64x32,Inter_32x64,Merge_32x64,Intra_32x32,Skip_32x32.1,AMP_32,Inter_32x32.1,Merge_32x32.1,Inter_32x16,Merge_32x16,Inter_16x32,Merge_16x32,Intra_16x16,Skip_16x16.1,AMP_16,Inter_16x16.1,Merge_16x16.1,Inter_16x8,Merge_16x8,Inter_8x16,Merge_8x16,Intra_8x8,Skip_8x8.1,AMP_8,Inter_8x8.1,Merge_8x8.1,Inter_8x4,Merge_8x4,Inter_4x8,Merge_4x8,4x4.1,DecideWait_(ms),Row0Wait_(ms),Wall_time_(ms),Ref_Wait_Wall_(ms),Total_CTU_time_(ms),Stall_Time_(ms),Total_frame_time_(ms),Avg_WPP,Row_Blocks
0,0,True,0, I-SLICE,0,29.0,563576,0,0.0,35.11,39.047,41.602,36.413,55,  -, -, 0.00%,  0.00%,  0.00%, 0.16%,  0.15%,  0.28%, 1.38%,  1.38%,  5.28%, 9.71%,  6.30%, 28.19%,47.17%,  0.00%,  0.00%,  0.00%,  0.00%,  0.00%,  0.00%,  0.00%,  0.00%,  0.00%,  0.00%,  0.00%,  0.00%,  0.00%,  0.00%,  0.00%,  0.00%,78978.78,12840.19,6248.45,1022887.93,16,235,113.81,72,155,117.18,105,200,129.14, 0.00%, 0.00%,0.00%, 0.00%, 0.00%, 0.00%, 0.00%, 0.00%, 0.00%, 54.55%, 0.00%,0.00%, 45.45%, 0.00%, 0.00%, 0.00%, 0.00%, 0.00%, 100.00%, 0.00%,0.00%, 0.00%, 0.00%, 0.00%, 0.00%, 0.00%, 0.00%, 100.00%, 0.00%,0.00%, 0.00%, 0.00%, 0.00%, 0.00%, 0.00%, 0.00%,100.00%,319.1,0.1,238.6,0.0,781.3,0.0,456.1,3.807,30
0,1,False,3, b-SLICE,1,34.0,13912,0,3.94,33.142,39.045,41.409,34.913,57, 0 ,2 3 , 0.00%,  0.00%,  0.00%, 0.00%,  0.00%,  0.00%, 0.00%,  0.00%,  0.00%, 0.00%,  0.00%,  0.00%, 0.00%,  0.21%,  0.10%, 18.28%,  8.83%,  7.06%, 12.77%,  7.79%,  9.03%,  0.00%,  6.54%,  4.67%,  4.57%,  0.00%,  8.83%,  5.71%,  5.61%,121198.15,12289.51,10668.9,129655.21,16,235,113.92,69,154,117.27,105,204,129.26, 0.00%, 0.00%,0.00%, 66.67%, 0.00%, 0.00%, 33.33%, 0.00%, 0.00%, 0.00%, 33.71%,0.00%, 46.24%, 0.68%, 4.56%, 10.71%, 1.14%, 2.96%, 0.00%, 34.36%,0.00%, 23.02%, 0.34%, 12.03%, 18.90%, 4.30%, 7.04%, 0.00%, 37.69%,0.00%, 19.62%, 9.23%, 6.92%, 13.08%, 4.23%, 9.23%,0.00%,355.4,252.8,27.8,8.2,87.9,0.0,529.4,4.037,57
0,2,False,2, B-SLICE,2,33.0,24920,0,3.97,32.983,38.991,41.412,34.787,55, 0 ,3 , 0.00%,  0.00%,  0.00%, 0.00%,  0.00%,  0.00%, 0.00%,  0.00%,  0.00%, 0.00%,  0.00%,  0.00%, 0.00%,  0.00%,  0.07%, 10.70%,  7.36%, 10.91%, 12.82%, 14.11%, 17.52%,  0.00%,  2.39%,  4.02%,  5.04%,  0.00%,  3.20%,  4.64%,  7.23%,126179.4,12385.73,10594.35,140694.43,16,235,113.66,66,155,117.25,105,204,129.27, 0.00%, 0.00%,0.00%, 0.00%, 0.00%, 50.00%, 50.00%, 0.00%, 0.00%, 0.00%, 21.75%,0.00%, 46.68%, 2.92%, 5.84%, 14.85%, 2.25%, 5.70%, 0.00%, 26.74%,0.00%, 30.53%, 3.16%, 10.63%, 18.63%, 3.58%, 6.74%, 0.00%, 27.95%,0.00%, 23.76%, 8.39%, 9.08%, 14.36%, 6.06%, 10.40%,0.00%,351.1,218.9,47.5,17.8,117.8,0.0,506.8,2.926,52
0,3,False,1, P-SLICE,3,32.0,80360,0,3.75,32.871,38.916,41.38,34.69,53, 0 , -, 0.00%,  0.00%,  0.00%, 0.00%,  0.00%,  0.00%, 0.03%,  0.00%,  0.15%, 0.20%,  0.12%,  0.76%, 0.00%,  0.00%,  0.00%,  1.45%,  2.62%, 10.87%,  9.76%, 21.04%, 31.94%,  0.00%,  0.06%,  1.54%,  7.27%,  0.00%,  0.09%,  2.30%,  9.82%,132728.47,12565.13,7940.47,234286.44,16,235,113.51,73,155,117.33,105,206,129.39, 0.00%, 0.00%,0.00%, 0.00%, 0.00%, 0.00%, 0.00%, 0.00%, 0.00%, 0.00%, 2.86%,0.00%, 33.14%, 12.57%, 24.86%, 15.71%, 6.57%, 4.29%, 0.71%, 15.57%,0.00%, 23.82%, 20.28%, 14.45%, 15.15%, 4.13%, 5.90%, 1.51%, 24.03%,0.00%, 15.12%, 14.47%, 11.32%, 20.97%, 5.19%, 7.44%,0.00%,346.5,162.8,80.2,35.0,184.5,0.0,475.9,2.837,25
0,4,False,6, b-SLICE,4,34.0,13576,0,4.16,32.283,38.959,41.343,34.25,57, 3 2 ,5 7 , 0.00%,  0.00%,  0.00%, 0.00%,  0.00%,  0.00%, 0.00%,  0.00%,  0.00%, 0.00%,  0.00%,  0.00%, 0.00%,  2.00%,  2.35%,  9.98%, 12.91%, 10.80%, 10.45%,  8.57%, 13.73%,  0.00%,  2.23%,  2.93%,  4.46%,  0.35%,  6.34%,  5.87%,  7.04%,148111.07,12514.75,12148.83,154974.41,16,235,113.42,72,153,117.31,107,198,129.38, 0.00%, 7.50%,0.00%, 35.00%, 7.50%, 18.75%, 31.25%, 0.00%, 0.00%, 0.00%, 24.50%,0.00%, 35.23%, 3.36%, 8.72%, 23.15%, 1.68%, 3.36%, 0.00%, 29.30%,0.00%, 28.12%, 7.81%, 4.49%, 18.95%, 3.32%, 8.01%, 0.00%, 34.03%,0.00%, 16.32%, 9.03%, 7.47%, 15.80%, 2.95%, 14.41%,0.00%,1.4,122.8,44.6,19.0,117.6,0.0,642.7,3.252,35
0,5,False,5, B-SLICE,5,33.0,33176,0,3.74,32.375,39.027,41.292,34.321,55, 3 2 0 ,7 , 0.00%,  0.00%,  0.00%, 0.00%,  0.00%,  0.00%, 0.00%,  0.00%,  0.00%, 0.00%,  0.00%,  0.00%, 0.00%,  0.12%,  0.46%,  6.72%,  6.09%, 12.81%, 12.52%, 19.65%, 15.42%,  0.00%,  1.16%,  3.59%,  6.20%,  0.00%,  1.74%,  4.70%,  8.81%,145340.41,12446.99,11877.07,164327.7,16,235,113.23,74,154,117.41,103,201,129.48, 0.00%, 0.00%,0.00%, 20.00%, 0.00%, 25.00%, 45.00%, 10.00%, 0.00%, 0.00%, 16.61%,0.00%, 43.85%, 4.65%, 12.46%, 16.78%, 1.83%, 3.82%, 0.00%, 24.66%,0.00%, 31.55%, 6.55%, 11.47%, 19.05%, 1.98%, 4.74%, 0.00%, 29.98%,0.00%, 28.59%, 10.65%, 7.06%, 12.15%, 3.53%, 8.04%,0.00%,1.0,107.0,68.4,18.3,182.7,0.0,616.6,3.407,43
0,6,False,7, b-SLICE,6,34.0,11800,0,4.73,32.147,39.005,41.239,34.141,56, 5 3 2 ,7 , 0.00%,  0.00%,  0.00%, 0.00%,  0.00%,  0.00%, 0.00%,  0.00%,  0.00%, 0.00%,  0.00%,  0.00%, 0.00%,  2.63%,  1.88%, 12.66%, 12.28%, 11.40%,  9.65%,  8.40%,  7.89%,  0.00%,  2.63%,  2.88%,  4.64%,  0.38%,  6.89%,  8.65%,  7.14%,152420.35,12542.39,13239.93,159250.44,16,235,112.85,69,155,117.39,107,199,129.46, 0.00%, 7.69%,0.00%, 53.85%, 0.00%, 10.26%, 23.08%, 5.13%, 0.00%, 0.00%, 24.92%,0.00%, 40.33%, 2.62%, 6.56%, 17.05%, 3.28%, 5.25%, 0.00%, 35.38%,0.00%, 27.69%, 7.31%, 6.54%, 15.38%, 2.31%, 5.38%, 0.00%, 41.96%,0.00%, 17.41%, 12.50%, 4.46%, 8.04%, 3.12%, 12.50%,0.00%,1.7,94.6,44.7,19.0,92.9,0.0,640.0,3.519,24
0,7,False,4, P-SLICE,7,32.0,117424,0,3.93,32.391,38.923,41.002,34.284,52, 3 2 0 , -, 0.00%,  0.00%,  0.00%, 0.00%,  0.00%,  0.00%, 0.00%,  0.00%,  0.00%, 0.12%,  0.09%,  1.01%, 0.00%,  0.00%,  0.06%,  1.27%,  3.36%,  7.91%,  8.60%, 29.11%, 32.50%,  0.00%,  0.06%,  0.83%,  4.52%,  0.00%,  0.12%,  2.33%,  8.14%,147855.36,13437.54,9237.66,255458.08,16,235,112.59,70,155,117.4,110,201,129.47, 0.00%, 0.00%,0.00%, 0.00%, 0.00%, 50.00%, 0.00%, 50.00%, 0.00%, 0.00%, 3.05%,0.00%, 26.90%, 10.66%, 31.98%, 16.24%, 7.61%, 3.55%, 0.00%, 16.08%,0.00%, 25.29%, 14.91%, 16.37%, 17.69%, 4.75%, 4.90%, 1.60%, 16.77%,0.00%, 21.27%, 17.30%, 8.94%, 22.54%, 3.98%, 7.60%,0.00%,358.7,249.5,79.3,8.3,255.0,0.0,565.9,3.911,27
0,8,False,10, b-SLICE,8,34.0,12552,0,4.64,32.038,38.946,41.066,34.03,57, 7 5 ,9 11 , 0.00%,  0.00%,  0.00%, 0.00%,  0.00%,  0.00%, 0.00%,  0.00%,  0.00%, 0.00%,  0.00%,  0.00%, 0.00%,  2.62%,  1.97%, 14.44%, 11.02%, 12.20%,  8.40%,  7.09%,  8.79%,  0.00%,  2.89%,  3.94%,  3.02%,  0.66%,  7.74%,  8.40%,  6.82%,156438.91,12841.7,13245.53,164065.85,16,235,112.34,70,153,117.3,110,198,129.41, 0.00%, 12.50%,0.00%, 50.00%, 0.00%, 12.50%, 20.00%, 2.50%, 2.50%, 0.00%, 26.56%,0.00%, 40.00%, 5.90%, 5.41%, 12.62%, 3.44%, 6.07%, 0.00%, 37.45%,0.00%, 34.66%, 2.39%, 4.38%, 11.95%, 1.99%, 7.17%, 0.00%, 38.27%,0.00%, 19.39%, 8.16%, 3.57%, 10.71%, 3.83%, 16.07%,0.00%,1.7,98.2,37.5,11.9,109.0,0.0,748.0,3.274,51
0,9,True,9, B-SLICE,9,33.0,28088,0,4.09,32.212,38.987,41.158,34.177,55, 7 5 2 ,11 , 0.00%,  0.00%,  0.00%, 0.00%,  0.00%,  0.00%, 0.00%,  0.00%,  0.00%, 0.00%,  0.00%,  0.00%, 0.00%,  0.20%,  0.60%,  8.30%,  6.89%, 18.07%, 11.38%, 14.12%, 15.06%,  0.00%,  0.87%,  4.89%,  7.56%,  0.07%,  2.07%,  5.42%,  4.48%,150725.23,12663.5,12938.87,165521.52,16,235,112.05,72,154,117.37,110,202,129.44, 0.00%, 7.69%,0.00%, 23.08%, 0.00%, 11.54%, 34.62%, 7.69%, 15.38%, 0.00%, 14.62%,0.00%, 46.84%, 4.32%, 10.13%, 14.45%, 2.16%, 7.48%, 0.00%, 25.93%,0.00%, 39.90%, 5.56%, 8.08%, 13.97%, 1.77%, 4.80%, 0.00%, 29.22%,0.00%, 25.16%, 9.09%, 7.79%, 10.88%, 5.44%, 12.42%,0.00%,0.0,100.2,59.1,26.2,152.8,0.0,721.2,3.259,41
0,10,False,11, b-SLICE,10,34.0,11088,0,4.57,32.008,38.952,41.078,34.01,56, 9 7 5 ,11 , 0.00%,  0.00%,  0.00%, 0.00%,  0.00%,  0.00%, 0.00%,  0.00%,  0.00%, 0.00%,  0.00%,  0.00%, 0.00%,  1.56%,  3.26%, 18.72%, 11.77%, 11.63%,  7.52%,  6.67%,  9.22%,  0.00%,  2.70%,  4.96%,  4.68%,  1.13%,  6.38%,  5.39%,  4.40%,157338.64,12816.7,13640.59,163188.44,16,235,111.84,72,154,117.3,109,198,129.4, 0.00%, 19.05%,0.00%, 26.19%, 0.00%, 19.05%, 28.57%, 0.00%, 7.14%, 0.00%, 20.71%,0.00%, 50.49%, 1.94%, 6.31%, 12.46%, 2.75%, 5.34%, 0.00%, 35.10%,0.00%, 34.62%, 4.81%, 5.53%, 11.78%, 2.16%, 6.01%, 0.00%, 36.36%,0.00%, 19.32%, 7.39%, 5.11%, 14.20%, 5.68%, 11.93%,0.00%,0.0,75.7,37.6,11.9,93.9,0.0,745.2,3.622,23
0,11,False,8, P-SLICE,11,32.0,124576,0,4.23,32.254,38.805,41.01,34.167,52, 7 5 3 2 , -, 0.00%,  0.00%,  0.00%, 0.00%,  0.00%,  0.00%, 0.03%,  0.06%,  0.06%, 0.09%,  0.12%,  0.74%, 0.00%,  0.00%,  0.03%,  1.59%,  3.57%,  7.94%,  8.80%, 33.19%, 29.29%,  0.00%,  0.03%,  0.89%,  5.17%,  0.00%,  0.24%,  1.42%,  6.76%,152212.63,13333.59,9758.21,277878.37,16,235,111.66,73,155,117.24,109,199,129.36, 0.00%, 0.00%,0.00%, 0.00%, 0.00%, 100.00%, 0.00%, 0.00%, 0.00%, 0.00%, 4.21%,0.00%, 28.04%, 11.21%, 26.87%, 18.46%, 5.37%, 5.84%, 0.77%, 12.00%,0.00%, 26.31%, 15.08%, 16.77%, 14.31%, 7.08%, 7.69%, 1.25%, 15.83%,0.00%, 21.83%, 22.22%, 7.13%, 17.01%, 4.53%, 10.21%,0.00%,1.8,75.9,102.7,19.1,304.1,0.0,686.8,3.622,25
0,12,False,14, b-SLICE,12,34.0,10592,0,4.51,31.971,38.811,40.983,33.952,57, 11 9 ,13 15 , 0.00%,  0.00%,  0.00%, 0.00%,  0.00%,  0.00%, 0.00%,  0.00%,  0.00%, 0.00%,  0.00%,  0.00%, 0.00%,  3.82%,  2.75%, 20.18%,  8.56%, 11.31%,  5.81%,  5.66%,  9.63%,  0.00%,  4.43%,  4.43%,  5.66%,  1.22%,  4.74%,  7.65%,  4.13%,158826.15,13185.15,14308.62,163348.33,16,235,111.62,72,156,117.2,110,197,129.34, 0.00%, 15.69%,0.00%, 49.02%, 0.00%, 6.86%, 16.67%, 3.92%, 7.84%, 0.00%, 21.58%,0.00%, 55.04%, 3.24%, 3.60%, 10.79%, 1.80%, 3.96%, 0.00%, 41.36%,0.00%, 36.13%, 2.62%, 2.09%, 6.81%, 4.19%, 6.81%, 0.00%, 39.02%,0.00%, 15.85%, 6.71%, 4.27%, 12.80%, 6.71%, 14.63%,0.00%,0.0,113.7,36.1,9.3,109.7,0.0,865.0,3.533,45
0,13,False,13, B-SLICE,13,33.0,28136,0,4.05,32.057,38.853,40.988,34.023,55, 11 9 5 ,15 , 0.00%,  0.00%,  0.00%, 0.00%,  0.00%,  0.00%, 0.00%,  0.00%,  0.00%, 0.00%,  0.00%,  0.00%, 0.00%,  0.48%,  0.41%,  7.84%,  8.52%, 14.98%, 12.10%, 17.32%, 14.36%,  0.00%,  1.10%,  4.54%,  4.54%,  0.07%,  2.06%,  4.19%,  7.49%,155996.59,13101.34,13302.41,170970.07,16,235,111.55,72,154,117.2,108,199,129.4, 0.00%, 7.14%,0.00%, 50.00%, 0.00%, 7.14%, 35.71%, 0.00%, 0.00%, 0.00%, 14.65%,0.00%, 43.63%, 2.23%, 12.90%, 15.45%, 3.50%, 7.64%, 0.00%, 24.38%,0.00%, 36.85%, 4.99%, 8.73%, 16.41%, 2.40%, 6.24%, 0.00%, 27.52%,0.00%, 25.16%, 14.47%, 8.25%, 11.40%, 2.67%, 10.53%,0.00%,0.0,95.9,58.3,26.4,159.8,0.0,837.0,3.281,41
0,14,False,15, b-SLICE,14,34.0,10096,0,4.62,31.788,38.815,40.955,33.812,56, 13 11 9 ,15 , 0.00%,  0.00%,  0.00%, 0.00%,  0.00%,  0.00%, 0.00%,  0.00%,  0.00%, 0.00%,  0.00%,  0.00%, 0.00%,  4.44%,  2.86%, 16.51%,  9.37%, 10.63%,  7.14%,  8.89%,  7.30%,  0.00%,  2.86%,  6.03%,  6.03%,  1.75%,  7.46%,  3.65%,  5.08%,165626.2,13210.48,14464.91,169486.27,16,235,111.52,73,154,117.16,110,197,129.38, 0.00%, 19.30%,0.00%, 49.12%, 0.00%, 17.54%, 8.77%, 1.75%, 3.51%, 0.00%, 25.19%,0.00%, 50.78%, 1.16%, 4.07%, 8.72%, 1.74%, 8.33%, 0.00%, 35.26%,0.00%, 35.26%, 3.47%, 4.05%, 8.67%, 4.05%, 9.25%, 0.00%, 40.70%,0.00%, 22.09%, 10.47%, 4.65%, 6.98%, 4.65%, 10.47%,0.00%,0.0,88.9,36.6,9.3,106.2,0.0,862.5,3.837,48
0,15,False,12, P-SLICE,15,32.0,123656,0,4.1,32.084,38.799,40.932,34.029,52, 11 9 7 5 , -, 0.00%,  0.00%,  0.00%, 0.00%,  0.00%,  0.00%, 0.06%,  0.06%,  0.15%, 0.09%,  0.06%,  0.56%, 0.00%,  0.00%,  0.06%,  1.70%,  3.87%,  9.67%,  7.93%, 34.51%, 27.04%,  0.00%,  0.09%,  1.58%,  6.13%,  0.00%,  0.15%,  1.05%,  5.20%,158124.03,13395.92,10180.49,311326.21,16,235,111.51,74,155,117.15,110,198,129.46, 0.00%, 0.00%,0.00%, 0.00%, 0.00%, 100.00%, 0.00%, 0.00%, 0.00%, 0.00%, 3.67%,0.00%, 29.82%, 9.17%, 33.49%, 14.22%, 6.19%, 3.44%, 1.36%, 12.84%,0.00%, 27.04%, 20.09%, 14.50%, 12.39%, 6.42%, 5.36%, 0.97%, 15.40%,0.00%, 23.02%, 23.86%, 6.02%, 15.78%, 4.25%, 10.69%,0.00%,0.0,74.5,108.6,11.9,289.4,0.0,805.0,3.244,18
0,16,False,18, b-SLICE,16,34.0,11888,0,4.41,31.824,38.823,40.872,33.83,57, 15 13 ,17 19 , 0.00%,  0.00%,  0.00%, 0.00%,  0.00%,  0.00%, 0.00%,  0.00%,  0.00%, 0.00%,  0.00%,  0.00%, 0.00%,  3.04%,  1.98%, 16.14%,  9.79%, 10.58%,  6.88%,  9.92%,  9.52%,  0.00%,  2.91%,  4.63%,  7.67%,  0.79%,  6.48%,  5.56%,  4.10%,164303.01,13293.49,14571.95,169002.22,16,235,111.54,74,154,117.1,110,198,129.44, 0.00%, 13.64%,0.00%, 52.27%, 0.00%, 6.82%, 20.45%, 4.55%, 2.27%, 0.00%, 23.91%,0.00%, 48.82%, 2.36%, 5.22%, 11.62%, 3.87%, 4.21%, 0.00%, 36.84%,0.00%, 34.93%, 3.35%, 2.87%, 11.00%, 2.87%, 8.13%, 0.00%, 37.71%,0.00%, 23.31%, 8.47%, 4.66%, 8.05%, 3.60%, 14.19%,0.00%,0.0,120.5,46.7,13.7,148.4,0.0,995.1,3.793,47
0,17,False,17, B-SLICE,17,33.0,30144,0,4.13,31.994,38.866,40.834,33.958,55, 15 13 9 ,19 , 0.00%,  0.00%,  0.00%, 0.00%,  0.00%,  0.00%, 0.00%,  0.00%,  0.00%, 0.00%,  0.00%,  0.00%, 0.00%,  0.26%,  0.66%,  8.47%,  7.08%, 16.07%, 10.65%, 16.60%, 16.07%,  0.00%,  1.19%,  3.57%,  5.49%,  0.07%,  1.46%,  4.50%,  7.87%,158249.95,13255.66,14020.68,175861.13,16,235,111.56,74,155,117.1,110,204,129.5, 0.00%, 6.67%,0.00%, 26.67%, 0.00%, 3.33%, 50.00%, 6.67%, 6.67%, 0.00%, 13.11%,0.00%, 48.52%, 3.28%, 5.74%, 17.21%, 2.30%, 9.84%, 0.00%, 23.19%,0.00%, 40.11%, 6.08%, 7.13%, 16.83%, 1.62%, 5.04%, 0.00%, 29.02%,0.00%, 26.44%, 9.63%, 6.54%, 13.58%, 4.60%, 10.20%,0.00%,0.0,105.9,57.5,23.8,149.4,0.0,958.2,3.052,15
0,18,True,19, b-SLICE,18,34.0,11880,0,4.45,31.723,38.866,40.828,33.754,56, 17 15 13 ,19 , 0.00%,  0.00%,  0.00%, 0.00%,  0.00%,  0.00%, 0.00%,  0.00%,  0.00%, 0.00%,  0.00%,  0.00%, 0.00%,  2.74%,  2.61%, 17.15%, 10.29%, 12.89%,  6.86%,  8.64%,  7.54%,  0.00%,  3.02%,  5.62%,  5.49%,  0.69%,  6.04%,  5.21%,  5.21%,168001.76,13264.63,14918.92,173870.43,16,235,111.58,72,153,117.04,108,199,129.49, 0.00%, 11.36%,0.00%, 40.91%, 4.55%, 17.05%, 19.32%, 4.55%, 2.27%, 0.00%, 22.30%,0.00%, 50.34%, 2.03%, 5.74%, 11.49%, 2.70%, 5.41%, 0.00%, 35.43%,0.00%, 33.63%, 8.52%, 5.16%, 10.99%, 1.57%, 4.71%, 0.00%, 39.80%,0.00%, 21.43%, 10.71%, 3.57%, 8.16%, 5.36%, 10.97%,0.00%,0.0,94.5,55.9,13.7,125.4,5.0,994.2,2.896,35
0,19,False,16, P-SLICE,19,32.0,133248,0,3.92,32.065,38.872,40.892,34.019,52, 15 13 11 9 , -, 0.00%,  0.00%,  0.00%, 0.00%,  0.00%,  0.03%, 0.00%,  0.00%,  0.21%, 0.12%,  0.21%,  1.21%, 0.00%,  0.00%,  0.09%,  1.56%,  3.56%,  8.21%,  7.03%, 37.72%, 26.80%,  0.00%,  0.15%,  1.38%,  4.21%,  0.00%,  0.12%,  0.94%,  6.47%,159033.96,13326.76,10193.93,295304.03,16,235,111.26,72,154,117.0,109,198,129.5, 0.00%, 0.00%,0.00%, 0.00%, 0.00%, 50.00%, 16.67%, 33.33%, 0.00%, 0.47%, 4.21%,0.00%, 28.04%, 10.75%, 32.71%, 12.15%, 7.01%, 4.67%, 1.16%, 13.08%,0.00%, 28.64%, 17.55%, 13.25%, 12.75%, 7.04%, 6.54%, 1.99%, 13.92%,0.00%, 22.55%, 26.61%, 5.73%, 15.93%, 3.80%, 9.47%,0.00%,0.0,87.6,115.3,9.6,297.6,0.0,918.0,3.274,19
0,20,False,22, b-SLICE,20,34.0,12904,0,4.8,31.778,38.85,40.834,33.794,57, 19 17 ,21 23 , 0.00%,  0.00%,  0.00%, 0.00%,  0.00%,  0.00%, 0.00%,  0.00%,  0.00%, 0.00%,  0.00%,  0.00%, 0.00%,  2.78%,  1.85%, 15.74%, 13.62%, 10.19%,  7.28%,  8.73%, 10.19%,  0.00%,  3.31%,  5.82%,  5.29%,  0.66%,  4.76%,  4.89%,  4.89%,166083.38,13286.07,14089.87,172837.02,16,235,111.36,73,155,116.98,108,201,129.5, 0.00%, 12.50%,0.00%, 50.00%, 2.50%, 6.25%, 18.75%, 6.25%, 3.75%, 0.00%, 19.49%,0.00%, 45.05%, 2.56%, 8.79%, 16.77%, 2.40%, 4.95%, 0.00%, 38.03%,0.00%, 33.80%, 2.35%, 4.23%, 14.08%, 3.29%, 4.23%, 0.00%, 35.00%,0.00%, 18.64%, 11.36%, 5.45%, 12.27%, 2.27%, 15.00%,0.00%,0.0,110.8,33.6,11.3,103.8,0.0,1087.6,3.741,57
0,21,False,21, B-SLICE,21,33.0,34048,0,4.11,31.959,38.865,40.855,33.934,55, 19 17 13 ,23 , 0.00%,  0.00%,  0.00%, 0.00%,  0.00%,  0.00%, 0.00%,  0.00%,  0.00%, 0.00%,  0.00%,  0.00%, 0.00%,  0.18%,  0.47%,  8.11%,  5.37%, 16.40%,  9.46%, 19.38%, 17.28%,  0.00%,  1.34%,  4.61%,  7.41%,  0.00%,  0.82%,  3.27%,  5.90%,159581.89,13233.69,13606.24,178540.73,16,235,111.45,70,156,116.98,107,201,129.58, 0.00%, 0.00%,0.00%, 27.27%, 0.00%, 0.00%, 54.55%, 4.55%, 13.64%, 0.00%, 12.42%,0.00%, 52.35%, 4.36%, 8.05%, 13.09%, 3.86%, 5.87%, 0.00%, 23.36%,0.00%, 44.12%, 4.50%, 8.13%, 13.49%, 1.56%, 4.84%, 0.00%, 26.64%,0.00%, 28.27%, 10.51%, 7.01%, 14.25%, 3.68%, 9.64%,0.00%,0.0,91.4,62.1,18.5,177.3,0.0,1061.5,3.481,44
0,22,False,23, b-SLICE,22,34.0,13560,0,4.57,31.746,38.826,40.813,33.765,56, 21 19 17 ,23 , 0.00%,  0.00%,  0.00%, 0.00%,  0.00%,  0.00%, 0.00%,  0.00%,  0.00%, 0.00%,  0.00%,  0.00%, 0.00%,  2.83%,  1.93%, 18.02%, 10.30%, 13.13%,  8.24%,  9.52%,  7.98%,  0.00%,  2.96%,  3.47%,  3.73%,  0.26%,  4.89%,  5.66%,  7.08%,167181.13,13356.16,14551.1,174041.14,16,235,111.34,72,155,116.95,109,201,129.56, 0.00%, 5.13%,0.00%, 56.41%, 0.00%, 7.69%, 20.51%, 3.85%, 6.41%, 0.00%, 19.61%,0.00%, 52.41%, 2.25%, 5.31%, 10.45%, 2.89%, 7.07%, 0.00%, 29.96%,0.00%, 38.82%, 4.22%, 6.12%, 11.60%, 1.69%, 7.59%, 0.00%, 38.18%,0.00%, 20.91%, 12.73%, 4.09%, 9.09%, 4.09%, 10.91%,0.00%,0.0,79.0,36.9,11.3,111.7,0.0,1081.0,4.067,39
0,23,False,20, P-SLICE,23,32.0,137696,0,4.02,32.008,38.789,40.786,33.953,52, 19 17 15 13 , -, 0.00%,  0.00%,  0.00%, 0.00%,  0.00%,  0.00%, 0.00%,  0.00%,  0.06%, 0.32%,  0.06%,  1.60%, 0.00%,  0.00%,  0.03%,  2.24%,  2.97%,  8.65%,  7.86%, 35.87%, 27.37%,  0.00%,  0.03%,  0.76%,  3.67%,  0.00%,  0.06%,  1.43%,  7.05%,161035.2,13542.72,10213.43,314167.19,16,235,111.35,70,154,116.95,109,200,129.62, 0.00%, 0.00%,0.00%, 0.00%, 0.00%, 100.00%, 0.00%, 0.00%, 0.00%, 0.00%, 1.42%,0.00%, 33.96%, 16.51%, 29.48%, 8.73%, 5.90%, 4.01%, 0.31%, 11.65%,0.00%, 27.33%, 18.79%, 15.61%, 12.66%, 6.83%, 6.83%, 2.61%, 14.11%,0.00%, 22.78%, 24.46%, 6.15%, 16.55%, 4.45%, 8.90%,0.00%,0.0,92.9,97.1,13.7,291.2,0.0,1010.4,3.548,27
0,24,False,26, b-SLICE,24,34.0,14688,0,4.73,31.727,38.796,40.755,33.739,57, 23 21 ,25 27 , 0.00%,  0.00%,  0.00%, 0.00%,  0.00%,  0.00%, 0.00%,  0.00%,  0.00%, 0.00%,  0.00%,  0.00%, 0.00%,  2.25%,  1.24%, 14.64%,  9.01%, 13.63%,  7.77%,  9.57%, 10.36%,  0.00%,  2.82%,  4.84%,  7.88%,  0.56%,  4.73%,  5.63%,  5.07%,168172.3,13482.96,14316.3,175997.51,16,235,111.19,67,154,116.89,109,201,129.59, 0.00%, 13.89%,0.00%, 52.78%, 2.78%, 6.94%, 18.06%, 2.78%, 2.78%, 0.00%, 21.82%,0.00%, 48.21%, 3.91%, 7.98%, 11.89%, 2.93%, 3.26%, 0.00%, 32.86%,0.00%, 38.87%, 3.89%, 3.53%, 13.78%, 1.94%, 5.12%, 0.00%, 39.38%,0.00%, 19.86%, 9.25%, 6.16%, 10.96%, 3.42%, 10.96%,0.00%,0.0,109.2,51.9,15.1,134.8,0.0,1207.5,3.333,45
0,25,False,25, B-SLICE,25,33.0,35952,0,3.95,31.913,38.727,40.738,33.868,55, 23 21 17 ,27 , 0.00%,  0.00%,  0.00%, 0.00%,  0.00%,  0.00%, 0.00%,  0.00%,  0.00%, 0.00%,  0.00%,  0.00%, 0.00%,  0.52%,  0.17%,  6.71%,  5.28%, 16.18%, 12.22%, 18.88%, 18.24%,  0.00%,  1.15%,  3.61%,  5.28%,  0.06%,  1.20%,  3.33%,  7.17%,161439.04,13635.4,13738.1,183101.91,16,235,110.93,70,155,116.9,109,199,129.66, 0.00%, 7.69%,0.00%, 69.23%, 0.00%, 0.00%, 15.38%, 0.00%, 7.69%, 0.00%, 14.64%,0.00%, 48.21%, 4.29%, 8.39%, 14.11%, 3.57%, 6.79%, 0.00%, 19.64%,0.00%, 39.29%, 6.49%, 9.25%, 16.07%, 2.35%, 6.90%, 0.00%, 25.12%,0.00%, 28.70%, 9.37%, 7.52%, 12.96%, 5.44%, 10.76%,0.00%,0.0,104.2,62.2,14.7,195.1,0.0,1166.8,3.726,7
0,26,False,27, b-SLICE,26,34.0,14800,0,4.67,31.725,38.694,40.718,33.72,56, 25 23 21 ,27 , 0.00%,  0.00%,  0.00%, 0.00%,  0.00%,  0.00%, 0.00%,  0.00%,  0.00%, 0.00%,  0.00%,  0.00%, 0.00%,  1.91%,  1.69%, 15.32%,  9.91%, 14.08%,  6.87%, 11.04%, 10.02%,  0.00%,  3.27%,  4.05%,  7.09%,  0.56%,  2.48%,  5.63%,  6.08%,168024.84,13724.41,14605.97,176454.83,16,235,110.7,69,154,116.84,110,200,129.63, 0.00%, 13.51%,0.00%, 45.95%, 0.00%, 14.86%, 17.57%, 5.41%, 2.70%, 0.00%, 16.72%,0.00%, 52.13%, 2.30%, 8.69%, 12.30%, 2.13%, 5.74%, 0.00%, 31.62%,0.00%, 38.60%, 7.35%, 5.51%, 9.93%, 2.21%, 4.78%, 0.00%, 38.49%,0.00%, 19.74%, 12.50%, 5.59%, 12.83%, 1.81%, 9.05%,0.00%,0.0,88.0,51.9,15.1,110.9,0.0,1198.4,3.437,57
0,27,True,24, P-SLICE,27,32.0,152840,0,3.99,32.038,38.577,40.667,33.934,52, 23 21 19 17 , -, 0.00%,  0.00%,  0.00%, 0.00%,  0.00%,  0.03%, 0.03%,  0.08%,  0.11%, 0.25%,  0.19%,  1.16%, 0.00%,  0.03%,  0.03%,  1.69%,  2.71%,  9.81%,  6.55%, 39.36%, 27.28%,  0.00%,  0.03%,  0.66%,  4.28%,  0.00%,  0.08%,  0.77%,  4.86%,160323.77,14296.5,10175.11,332105.77,16,235,110.32,67,154,116.86,110,199,129.71, 0.00%, 0.00%,0.00%, 50.00%, 0.00%, 50.00%, 0.00%, 0.00%, 0.00%, 0.52%, 2.06%,0.00%, 30.41%, 16.49%, 26.03%, 10.57%, 10.31%, 3.61%, 1.23%, 7.98%,0.00%, 29.29%, 25.15%, 13.80%, 11.04%, 5.90%, 5.60%, 2.07%, 11.82%,0.00%, 24.82%, 26.04%, 6.88%, 15.30%, 4.66%, 8.41%,0.00%,0.0,69.8,94.5,11.4,314.3,0.0,1113.4,3.867,24
0,28,False,30, b-SLICE,28,34.0,15856,0,4.63,31.703,38.632,40.643,33.687,57, 27 25 ,29 31 , 0.00%,  0.00%,  0.00%, 0.00%,  0.00%,  0.00%, 0.00%,  0.00%,  0.00%, 0.00%,  0.00%,  0.00%, 0.00%,  1.92%,  1.39%, 14.10%,  8.01%, 12.39%,  7.26%, 12.93%, 11.11%,  0.00%,  2.88%,  4.17%,  7.05%,  0.53%,  4.59%,  4.70%,  6.94%,169174.31,13937.0,14457.19,177803.58,16,235,109.99,72,154,116.8,109,197,129.65, 0.00%, 13.89%,0.00%, 47.22%, 2.78%, 15.28%, 12.50%, 1.39%, 6.94%, 0.00%, 22.80%,0.00%, 49.84%, 2.93%, 7.98%, 10.26%, 2.12%, 4.07%, 0.00%, 31.09%,0.00%, 41.20%, 2.25%, 4.49%, 11.24%, 3.56%, 6.18%, 0.00%, 36.80%,0.00%, 21.91%, 12.08%, 3.23%, 8.85%, 5.06%, 12.08%,0.00%,0.0,114.1,43.1,10.3,125.7,0.0,1308.9,3.467,46
0,29,False,29, B-SLICE,29,33.0,35480,0,4.04,31.881,38.725,40.697,33.839,55, 27 25 21 ,31 , 0.00%,  0.00%,  0.00%, 0.00%,  0.00%,  0.00%, 0.00%,  0.00%,  0.00%, 0.00%,  0.00%,  0.00%, 0.00%,  0.47%,  0.18%,  8.33%,  5.46%, 15.61%, 11.68%, 21.24%, 14.55%,  0.00%,  0.70%,  3.46%,  8.10%,  0.00%,  1.17%,  3.64%,  5.40%,162731.83,13689.83,13801.62,182836.91,16,235,109.72,70,155,116.9,109,199,129.79, 0.00%, 0.00%,0.00%, 72.73%, 0.00%, 9.09%, 9.09%, 0.00%, 9.09%, 0.00%, 10.77%,0.00%, 55.22%, 2.69%, 7.91%, 14.98%, 3.03%, 5.39%, 0.00%, 20.65%,0.00%, 38.91%, 6.48%, 12.46%, 14.85%, 2.30%, 4.35%, 0.00%, 27.38%,0.00%, 32.02%, 11.07%, 7.68%, 10.42%, 4.52%, 6.90%,0.00%,0.0,113.8,54.7,21.6,165.9,0.0,1271.9,3.726,25
0,30,False,31, b-SLICE,30,34.0,13880,0,4.56,31.677,38.739,40.656,33.682,56, 29 27 25 ,31 , 0.00%,  0.00%,  0.00%, 0.00%,  0.00%,  0.00%, 0.00%,  0.00%,  0.00%, 0.00%,  0.00%,  0.00%, 0.00%,  2.05%,  1.45%, 18.60%, 10.02%, 12.32%,  9.18%,  8.82%,  8.82%,  0.00%,  3.38%,  3.26%,  3.99%,  0.48%,  4.11%,  6.16%,  7.37%,169989.94,13712.95,14634.87,177067.03,16,235,109.45,68,157,116.86,110,197,129.74, 0.00%, 12.12%,0.00%, 51.52%, 0.00%, 13.64%, 10.61%, 4.55%, 7.58%, 0.00%, 18.84%,0.00%, 52.58%, 3.34%, 5.32%, 11.09%, 3.50%, 5.32%, 0.00%, 30.47%,0.00%, 37.89%, 1.95%, 7.42%, 14.06%, 1.95%, 6.25%, 0.00%, 39.17%,0.00%, 22.50%, 7.92%, 5.42%, 10.00%, 2.50%, 12.50%,0.00%,0.0,78.5,43.1,10.3,127.1,0.0,1300.0,3.97,41
0,31,False,28, P-SLICE,31,32.0,150360,0,4.02,31.964,38.605,40.591,33.873,52, 27 25 23 21 , -, 0.00%,  0.00%,  0.00%, 0.00%,  0.00%,  0.00%, 0.17%,  0.08%,  0.17%, 0.28%,  0.22%,  1.35%, 0.00%,  0.03%,  0.08%,  1.68%,  2.57%,  8.31%,  6.84%, 38.93%, 27.18%,  0.00%,  0.00%,  0.52%,  3.73%,  0.00%,  0.08%,  1.66%,  6.13%,163131.9,14390.21,10440.37,454541.19,16,235,109.13,74,155,116.81,109,198,129.72, 0.00%, 0.00%,0.00%, 0.00%, 25.00%, 75.00%, 0.00%, 0.00%, 0.00%, 0.00%, 1.60%,0.00%, 32.09%, 16.58%, 27.27%, 10.16%, 7.49%, 4.81%, 2.33%, 12.29%,0.00%, 27.22%, 19.60%, 15.63%, 10.03%, 6.77%, 6.14%, 2.38%, 12.66%,0.00%, 25.18%, 24.86%, 6.86%, 14.34%, 4.59%, 9.13%,0.00%,0.0,84.7,112.2,15.1,320.4,0.0,1232.5,3.393,22
1,32,False,32, I-SLICE,0,29.0,564808,0,0.0,35.128,39.182,41.368,36.415,55,  -, -, 0.00%,  0.00%,  0.00%, 0.15%,  0.14%,  0.49%, 1.85%,  1.71%,  5.32%, 8.66%,  5.71%, 29.76%,46.20%,  0.00%,  0.00%,  0.00%,  0.00%,  0.00%,  0.00%,  0.00%,  0.00%,  0.00%,  0.00%,  0.00%,  0.00%,  0.00%,  0.00%,  0.00%,  0.00%,78742.46,12765.16,6149.72,1116885.43,16,235,108.78,70,154,116.79,110,196,129.69, 0.00%, 0.00%,0.00%, 0.00%, 0.00%, 0.00%, 0.00%, 0.00%, 0.00%, 60.53%, 0.00%,0.00%, 39.47%, 0.00%, 0.00%, 0.00%, 0.00%, 0.00%, 100.00%, 0.00%,0.00%, 0.00%, 0.00%, 0.00%, 0.00%, 0.00%, 0.00%, 100.00%, 0.00%,0.00%, 0.00%, 0.00%, 0.00%, 0.00%, 0.00%, 0.00%,100.00%,0.0,0.0,227.7,0.0,748.1,0.0,1395.9,3.659,54
1,33,False,35, b-SLICE,1,34.0,13176,0,4.05,33.111,39.168,41.268,34.888,57, 0 ,2 3 , 0.00%,  0.00%,  0.00%, 0.00%,  0.00%,  0.00%, 0.00%,  0.00%,  0.00%, 0.00%,  0.00%,  0.00%, 0.00%,  1.02%,  0.11%, 19.16%, 13.49%, 10.09%,  7.71%,  8.96%,  7.48%,  0.00%,  4.31%,  5.67%,  4.88%,  0.11%,  7.14%,  4.88%,  4.99%,122074.47,12222.43,10753.62,127119.5,16,235,108.46,74,154,116.82,109,198,129.75, 0.00%, 9.09%,0.00%, 81.82%, 0.00%, 0.00%, 9.09%, 0.00%, 0.00%, 0.00%, 24.11%,0.00%, 47.49%, 0.00%, 8.71%, 9.67%, 4.65%, 5.37%, 0.00%, 37.20%,0.00%, 32.40%, 3.20%, 6.80%, 8.80%, 4.80%, 6.80%, 0.00%, 37.50%,0.00%, 24.57%, 9.48%, 6.47%, 13.36%, 3.66%, 4.96%,0.00%,0.0,157.8,30.5,8.5,95.0,0.0,1472.2,3.83,37
1,34,False,34, B-SLICE,2,33.0,25552,0,4.74,33.03,39.098,41.199,34.81,55, 0 ,3 , 0.00%,  0.00%,  0.00%, 0.00%,  0.00%,  0.00%, 0.00%,  0.00%,  0.00%, 0.00%,  0.00%,  0.00%, 0.00%,  0.29%,  0.00%, 11.52%,  7.92%, 17.49%, 12.24%, 14.54%, 11.16%,  0.00%,  2.09%,  4.54%,  5.83%,  0.00%,  2.02%,  4.46%,  5.90%,124929.89,12420.06,10664.13,137920.04,16,235,108.05,70,155,116.78,109,197,129.7, 0.00%, 0.00%,0.00%, 100.00%, 0.00%, 0.00%, 0.00%, 0.00%, 0.00%, 0.00%, 15.97%,0.00%, 49.86%, 3.36%, 11.06%, 10.22%, 3.78%, 5.74%, 0.00%, 23.23%,0.00%, 41.26%, 3.90%, 9.76%, 12.92%, 3.44%, 5.48%, 0.00%, 31.35%,0.00%, 26.92%, 11.92%, 7.79%, 11.44%, 4.62%, 5.96%,0.00%,0.0,154.9,44.4,9.8,125.4,0.0,1446.1,3.659,56
1,35,False,33, P-SLICE,3,32.0,74880,0,4.0,32.874,39.028,40.961,34.654,53, 0 , -, 0.00%,  0.00%,  0.00%, 0.00%,  0.00%,  0.00%, 0.06%,  0.03%,  0.22%, 0.31%,  0.22%,  0.81%, 0.00%,  0.00%,  0.03%,  1.69%,  2.84%,  8.75%, 15.21%, 24.21%, 27.46%,  0.00%,  0.03%,  1.59%,  7.34%,  0.00%,  0.12%,  1.69%,  7.37%,131611.87,13767.19,8253.3,228474.33,16,235,107.7,74,154,116.82,108,199,129.74, 0.00%, 0.00%,0.00%, 0.00%, 0.00%, 0.00%, 0.00%, 50.00%, 50.00%, 0.00%, 2.78%,0.00%, 34.44%, 12.22%, 21.11%, 10.00%, 14.44%, 5.00%, 1.13%, 11.90%,0.00%, 23.81%, 7.94%, 24.49%, 17.91%, 6.80%, 6.01%, 1.98%, 21.73%,0.00%, 24.77%, 10.98%, 9.50%, 15.27%, 6.87%, 8.90%,0.00%,0.0,132.3,63.7,24.4,194.3,0.0,1408.4,3.637,26
1,36,True,38, b-SLICE,4,34.0,13080,0,4.73,32.341,39.015,40.945,34.251,57, 3 2 ,5 7 , 0.00%,  0.00%,  0.00%, 0.00%,  0.00%,  0.00%, 0.00%,  0.00%,  0.00%, 0.00%,  0.00%,  0.00%, 0.00%,  2.15%,  2.27%, 12.75%, 13.13%, 17.17%,  9.72%,  7.45%,  6.44%,  0.00%,  3.91%,  5.43%,  5.81%,  0.25%,  5.05%,  5.43%,  3.03%,145988.07,12853.85,12154.32,153507.11,16,235,107.4,76,154,116.76,110,197,129.7, 0.00%, 5.41%,0.00%, 40.54%, 5.41%, 16.22%, 18.92%, 5.41%, 8.11%, 0.00%, 23.36%,0.00%, 38.82%, 4.28%, 10.36%, 14.64%, 4.11%, 5.10%, 0.00%, 28.76%,0.00%, 40.47%, 5.02%, 5.52%, 10.54%, 3.85%, 5.85%, 0.00%, 38.89%,0.00%, 24.44%, 8.33%, 4.72%, 14.72%, 2.22%, 6.67%,0.00%,0.0,152.4,39.0,6.9,125.8,0.0,1594.8,3.963,16
1,37,False,37, B-SLICE,5,33.0,33792,0,4.01,32.429,39.044,40.967,34.323,55, 3 2 0 ,7 , 0.00%,  0.00%,  0.00%, 0.00%,  0.00%,  0.00%, 0.00%,  0.00%,  0.00%, 0.00%,  0.00%,  0.00%, 0.00%,  0.41%,  0.24%,  7.22%,  7.10%, 16.81%, 10.83%, 18.95%, 14.74%,  0.00%,  0.59%,  4.80%,  9.83%,  0.00%,  0.83%,  2.84%,  4.80%,143286.18,12775.99,12321.33,161666.24,16,235,107.15,74,154,116.79,110,197,129.74, 0.00%, 0.00%,0.00%, 63.64%, 0.00%, 0.00%, 18.18%, 4.55%, 13.64%, 0.00%, 8.11%,0.00%, 48.31%, 3.04%, 14.02%, 16.39%, 3.38%, 6.76%, 0.00%, 21.64%,0.00%, 41.11%, 6.54%, 8.47%, 13.34%, 2.01%, 6.88%, 0.00%, 30.27%,0.00%, 29.53%, 9.68%, 5.51%, 10.91%, 4.90%, 9.19%,0.00%,0.0,135.9,52.2,12.7,147.9,0.0,1558.9,3.4,45
1,38,False,39, b-SLICE,6,34.0,13088,0,4.49,32.124,39.05,40.917,34.089,56, 5 3 2 ,7 , 0.00%,  0.00%,  0.00%, 0.00%,  0.00%,  0.00%, 0.00%,  0.00%,  0.00%, 0.00%,  0.00%,  0.00%, 0.00%,  2.22%,  1.11%, 17.78%, 12.59%, 12.47%,  7.16%,  9.38%,  8.52%,  0.00%,  3.70%,  4.69%,  3.58%,  0.37%,  4.94%,  5.31%,  6.17%,153302.09,12823.0,13548.6,159958.09,16,235,106.66,73,155,116.77,109,199,129.69, 0.00%, 10.00%,0.00%, 56.67%, 3.33%, 8.33%, 11.67%, 3.33%, 6.67%, 0.00%, 20.23%,0.00%, 46.82%, 3.47%, 6.65%, 11.27%, 4.19%, 7.37%, 0.00%, 33.75%,0.00%, 35.42%, 6.67%, 3.54%, 8.96%, 2.50%, 9.17%, 0.00%, 35.27%,0.00%, 24.11%, 9.82%, 5.36%, 10.71%, 2.90%, 11.83%,0.00%,0.0,119.7,39.1,6.9,130.3,0.0,1586.5,4.059,33
1,39,False,36, P-SLICE,7,32.0,121712,0,3.82,32.395,39.004,40.976,34.294,52, 3 2 0 , -, 0.00%,  0.00%,  0.00%, 0.00%,  0.00%,  0.00%, 0.05%,  0.03%,  0.11%, 0.13%,  0.21%,  1.03%, 0.00%,  0.00%,  0.05%,  1.56%,  2.35%,  6.65%,  9.12%, 36.81%, 28.90%,  0.00%,  0.03%,  0.55%,  5.41%,  0.00%,  0.03%,  1.00%,  5.99%,147309.94,12946.53,9036.28,268584.07,16,235,105.84,73,154,116.72,109,197,129.7, 0.00%, 0.00%,0.00%, 0.00%, 0.00%, 50.00%, 0.00%, 50.00%, 0.00%, 0.00%, 1.11%,0.00%, 29.44%, 20.00%, 26.67%, 8.33%, 11.39%, 3.06%, 1.05%, 8.89%,0.00%, 26.20%, 11.75%, 23.64%, 16.27%, 7.98%, 4.22%, 1.75%, 14.52%,0.00%, 28.83%, 18.08%, 7.27%, 17.73%, 4.28%, 7.54%,0.00%,0.0,156.7,100.0,8.5,295.5,0.0,1511.4,3.474,30
1,40,False,42, b-SLICE,8,34.0,12816,0,4.66,32.007,39.021,40.922,33.998,57, 7 5 ,9 11 , 0.00%,  0.00%,  0.00%, 0.00%,  0.00%,  0.00%, 0.00%,  0.00%,  0.00%, 0.00%,  0.00%,  0.00%, 0.00%,  1.57%,  1.57%, 16.54%, 14.04%, 14.17%,  7.61%,  4.99%,  8.40%,  0.00%,  4.33%,  4.33%,  3.81%,  0.66%,  7.22%,  6.96%,  3.81%,157845.5,12869.36,13079.5,163684.1,16,235,105.6,73,154,116.73,109,197,129.69, 0.00%, 17.24%,0.00%, 37.93%, 3.45%, 12.07%, 15.52%, 5.17%, 8.62%, 0.00%, 25.07%,0.00%, 42.45%, 1.99%, 8.40%, 13.82%, 3.99%, 4.27%, 0.00%, 34.13%,0.00%, 37.70%, 5.16%, 2.98%, 8.13%, 3.97%, 7.94%, 0.00%, 36.25%,0.00%, 15.00%, 8.75%, 4.69%, 14.06%, 7.19%, 14.06%,0.00%,0.0,120.8,36.2,10.9,106.4,0.0,1700.8,3.748,49
1,41,False,41, B-SLICE,9,33.0,32096,0,4.12,32.128,39.028,40.891,34.086,55, 7 5 2 ,11 , 0.00%,  0.00%,  0.00%, 0.00%,  0.00%,  0.00%, 0.00%,  0.00%,  0.00%, 0.00%,  0.00%,  0.00%, 0.00%,  0.18%,  0.30%,  7.12%,  7.00%, 17.64%, 13.38%, 15.63%, 14.96%,  0.00%,  0.73%,  2.74%,  4.56%,  0.00%,  1.58%,  6.02%,  8.15%,153639.57,12892.82,13183.48,170154.64,16,235,105.3,77,155,116.78,109,197,129.73, 0.00%, 0.00%,0.00%, 37.50%, 0.00%, 12.50%, 37.50%, 12.50%, 0.00%, 0.00%, 12.67%,0.00%, 45.67%, 3.33%, 10.00%, 17.00%, 2.50%, 8.83%, 0.00%, 22.02%,0.00%, 39.91%, 4.43%, 8.79%, 16.74%, 1.45%, 6.65%, 0.00%, 29.35%,0.00%, 25.70%, 10.39%, 6.67%, 13.83%, 4.00%, 10.04%,0.00%,0.0,108.7,61.2,22.5,167.1,0.0,1670.8,3.333,35
1,42,False,43, b-SLICE,10,34.0,13232,0,4.53,31.843,39.006,40.852,33.865,56, 9 7 5 ,11 , 0.00%,  0.00%,  0.00%, 0.00%,  0.00%,  0.00%, 0.00%,  0.00%,  0.00%, 0.00%,  0.00%,  0.00%, 0.00%,  2.15%,  1.39%, 17.42%, 14.39%, 11.87%,  7.07%,  6.94%,  8.21%,  0.00%,  3.28%,  4.92%,  2.15%,  0.25%,  4.92%,  6.57%,  8.46%,163446.04,12977.28,14115.79,169908.5,16,235,104.99,74,153,116.78,110,200,129.7, 0.00%, 6.67%,0.00%, 56.67%, 0.00%, 13.33%, 16.67%, 1.67%, 5.00%, 0.00%, 18.73%,0.00%, 45.24%, 3.17%, 10.95%, 13.26%, 4.32%, 4.32%, 0.00%, 37.76%,0.00%, 35.27%, 3.73%, 5.19%, 6.85%, 3.53%, 7.68%, 0.00%, 41.18%,0.00%, 19.61%, 7.35%, 5.88%, 11.76%, 3.43%, 10.78%,0.00%,0.0,89.9,38.7,10.9,118.8,0.0,1693.0,3.815,39
1,43,False,40, P-SLICE,11,32.0,120888,0,4.0,32.102,38.892,40.835,34.042,52, 7 5 3 2 , -, 0.00%,  0.00%,  0.00%, 0.00%,  0.00%,  0.00%, 0.00%,  0.05%,  0.19%, 0.13%,  0.03%,  0.51%, 0.00%,  0.05%,  0.03%,  1.32%,  2.97%,  6.45%,  8.25%, 36.46%, 30.50%,  0.00%,  0.03%,  0.59%,  5.53%,  0.00%,  0.05%,  0.94%,  5.91%,157464.44,13307.34,9850.38,255993.53,16,235,104.65,68,153,116.84,109,197,129.7, 0.00%, 0.00%,0.00%, 33.33%, 33.33%, 33.33%, 0.00%, 0.00%, 0.00%, 0.00%, 1.56%,0.00%, 28.12%, 13.02%, 33.59%, 9.64%, 9.64%, 4.43%, 1.47%, 9.33%,0.00%, 24.71%, 14.40%, 22.83%, 13.50%, 7.94%, 5.81%, 0.85%, 14.46%,0.00%, 25.17%, 20.94%, 7.28%, 18.26%, 4.42%, 8.61%,0.00%,0.0,98.7,106.3,7.0,319.4,0.0,1619.2,3.674,52
1,44,False,46, b-SLICE,12,34.0,12240,0,4.74,31.778,38.925,40.811,33.8,57, 11 9 ,13 15 , 0.00%,  0.00%,  0.00%, 0.00%,  0.00%,  0.00%, 0.00%,  0.00%,  0.00%, 0.00%,  0.00%,  0.00%, 0.00%,  1.47%,  1.47%, 20.62%, 12.45%, 11.51%,  8.57%,  5.35%,  6.56%,  0.00%,  6.16%,  8.57%,  4.69%,  0.67%,  5.22%,  4.02%,  2.68%,166176.94,13174.52,13774.81,171922.61,16,235,104.44,73,155,116.83,109,197,129.64, 0.00%, 18.52%,0.00%, 40.74%, 0.00%, 16.67%, 12.96%, 5.56%, 5.56%, 0.00%, 23.48%,0.00%, 48.62%, 2.21%, 8.15%, 10.36%, 2.76%, 4.42%, 0.00%, 38.52%,0.00%, 29.10%, 6.15%, 7.79%, 13.52%, 1.43%, 3.48%, 0.00%, 38.19%,0.00%, 17.36%, 10.42%, 7.64%, 17.36%, 1.04%, 7.99%,0.00%,0.0,111.5,38.2,11.1,125.2,0.0,1799.7,4.0,42
1,45,True,45, B-SLICE,13,33.0,31280,0,4.07,31.861,38.879,40.767,33.852,55, 11 9 5 ,15 , 0.00%,  0.00%,  0.00%, 0.00%,  0.00%,  0.00%, 0.00%,  0.00%,  0.00%, 0.00%,  0.00%,  0.00%, 0.00%,  0.51%,  0.19%,  8.59%,  6.54%, 16.15%, 14.29%, 17.95%, 12.05%,  0.00%,  1.22%,  4.87%,  6.79%,  0.00%,  1.09%,  3.72%,  6.03%,163422.81,13312.45,13187.98,179838.25,16,235,104.11,74,155,116.88,109,196,129.65, 0.00%, 0.00%,0.00%, 72.73%, 0.00%, 9.09%, 9.09%, 9.09%, 0.00%, 0.00%, 11.92%,0.00%, 49.01%, 5.30%, 16.72%, 11.09%, 1.82%, 4.14%, 0.00%, 22.11%,0.00%, 37.13%, 4.46%, 13.78%, 17.57%, 1.57%, 3.88%, 0.00%, 29.94%,0.00%, 30.69%, 11.23%, 7.49%, 12.57%, 2.77%, 5.31%,0.00%,0.0,101.3,57.2,15.9,160.2,0.0,1770.6,3.348,51
1,46,False,47, b-SLICE,14,34.0,11416,0,4.44,31.718,38.876,40.712,33.737,56, 13 11 9 ,15 , 0.00%,  0.00%,  0.00%, 0.00%,  0.00%,  0.00%, 0.00%,  0.00%,  0.00%, 0.00%,  0.00%,  0.00%, 0.00%,  2.37%,  1.93%, 22.37%, 12.74%, 11.11%,  8.00%,  6.22%,  5.33%,  0.00%,  4.00%,  4.00%,  3.70%,  0.59%,  8.74%,  4.59%,  4.30%,168262.88,13384.48,14378.23,173745.15,16,235,103.93,77,155,116.88,109,197,129.6, 0.00%, 12.12%,0.00%, 48.48%, 0.00%, 10.61%, 22.73%, 1.52%, 4.55%, 0.00%, 24.36%,0.00%, 49.29%, 1.98%, 6.66%, 10.91%, 0.99%, 5.81%, 0.00%, 31.02%,0.00%, 33.16%, 6.95%, 5.35%, 11.23%, 3.48%, 8.82%, 0.00%, 40.91%,0.00%, 20.45%, 11.36%, 7.58%, 12.88%, 1.89%, 4.92%,0.00%,0.0,87.0,38.3,11.1,110.0,0.0,1794.6,3.585,58
1,47,False,44, P-SLICE,15,32.0,129776,0,4.19,31.982,38.797,40.683,33.922,52, 11 9 7 5 , -, 0.00%,  0.00%,  0.00%, 0.00%,  0.00%,  0.00%, 0.00%,  0.03%,  0.06%, 0.12%,  0.06%,  0.52%, 0.00%,  0.00%,  0.12%,  1.97%,  3.21%,  6.40%,  8.54%, 36.81%, 28.55%,  0.00%,  0.00%,  0.70%,  4.98%,  0.00%,  0.12%,  0.78%,  7.04%,161844.04,13687.11,10083.15,267451.9,16,235,103.69,74,154,116.94,110,197,129.61, 0.00%, 0.00%,0.00%, 0.00%, 0.00%, 87.50%, 12.50%, 0.00%, 0.00%, 0.00%, 1.88%,0.00%, 30.99%, 15.02%, 34.74%, 7.98%, 5.16%, 4.23%, 0.53%, 8.95%,0.00%, 20.18%, 18.60%, 24.04%, 14.04%, 6.58%, 7.11%, 0.89%, 15.39%,0.00%, 24.63%, 22.51%, 6.62%, 17.01%, 3.43%, 9.51%,0.00%,0.0,88.1,98.8,10.9,298.7,0.0,1727.2,3.511,24
1,48,False,50, b-SLICE,16,34.0,10888,0,4.98,31.679,38.84,40.614,33.691,57, 15 13 ,18 20 , 0.00%,  0.00%,  0.00%, 0.00%,  0.00%,  0.00%, 0.00%,  0.00%,  0.00%, 0.00%,  0.00%,  0.00%, 0.00%,  1.40%,  1.82%, 15.83%, 16.95%, 13.31%,  7.00%,  4.90%,  7.84%,  0.00%,  4.20%,  6.30%,  3.64%,  1.26%,  7.56%,  4.20%,  3.78%,169815.17,13572.5,13903.26,174847.76,16,235,103.58,76,153,116.93,110,202,129.57, 0.00%, 28.12%,0.00%, 31.25%, 0.00%, 12.50%, 15.62%, 4.69%, 7.81%, 0.00%, 24.14%,0.00%, 39.94%, 1.15%, 7.47%, 17.24%, 3.30%, 6.75%, 0.00%, 34.09%,0.00%, 40.91%, 2.27%, 3.18%, 9.55%, 2.50%, 7.50%, 0.00%, 36.81%,0.00%, 9.03%, 15.28%, 6.60%, 18.40%, 0.69%, 13.19%,0.00%,0.0,106.6,41.5,13.5,132.5,0.0,1907.4,3.696,41
1,49,False,51, b-SLICE,17,34.0,12192,0,4.34,31.631,38.876,40.632,33.662,57, 15 13 ,18 20 , 0.00%,  0.00%,  0.00%, 0.00%,  0.00%,  0.00%, 0.00%,  0.00%,  0.00%, 0.00%,  0.00%,  0.00%, 0.00%,  2.11%,  1.97%, 16.74%, 13.92%, 13.22%,  9.00%,  8.44%,  5.06%,  0.00%,  3.52%,  3.80%,  2.11%,  0.98%,  8.16%,  5.20%,  5.77%,171786.25,13483.27,13927.1,178104.21,16,235,103.49,68,153,117.03,109,202,129.66, 0.00%, 19.44%,0.00%, 36.11%, 5.56%, 15.28%, 15.28%, 6.94%, 1.39%, 0.00%, 25.08%,0.00%, 42.90%, 2.11%, 9.37%, 15.11%, 1.66%, 3.78%, 0.00%, 28.83%,0.00%, 39.19%, 3.15%, 4.95%, 11.71%, 4.73%, 7.43%, 0.00%, 36.84%,0.00%, 28.95%, 10.53%, 4.61%, 8.55%, 2.63%, 7.89%,0.00%,0.0,81.0,47.6,13.5,130.9,0.0,1908.4,3.296,49
1,50,False,49, B-SLICE,18,33.0,25872,0,4.49,31.824,38.892,40.658,33.812,54, 15 13 9 ,20 , 0.00%,  0.00%,  0.00%, 0.00%,  0.00%,  0.00%, 0.00%,  0.00%,  0.00%, 0.00%,  0.00%,  0.00%, 0.00%,  0.50%,  0.72%,  6.88%,  9.89%, 14.84%, 16.49%, 14.34%, 13.48%,  0.00%,  1.00%,  3.73%,  4.44%,  0.00%,  1.22%,  6.02%,  6.45%,164778.22,13421.83,13140.94,177679.83,16,235,103.45,71,154,117.0,109,199,129.63, 0.00%, 0.00%,0.00%, 35.29%, 5.88%, 41.18%, 17.65%, 0.00%, 0.00%, 0.00%, 10.51%,0.00%, 40.34%, 2.37%, 16.95%, 18.31%, 3.56%, 7.97%, 0.00%, 23.73%,0.00%, 32.29%, 3.84%, 12.65%, 19.63%, 2.88%, 4.97%, 0.00%, 28.15%,0.00%, 26.48%, 10.56%, 7.59%, 14.26%, 3.33%, 9.63%,0.00%,0.0,97.4,60.7,24.1,182.8,0.0,1870.3,3.556,37
1,51,False,52, b-SLICE,19,34.0,9472,0,4.37,31.63,38.838,40.611,33.653,56, 18 15 13 ,20 , 0.00%,  0.00%,  0.00%, 0.00%,  0.00%,  0.00%, 0.00%,  0.00%,  0.00%, 0.00%,  0.00%,  0.00%, 0.00%,  3.86%,  2.98%, 18.25%, 13.68%,  9.30%,  4.56%,  5.09%,  4.91%,  0.00%,  8.95%,  5.26%,  5.26%,  1.40%,  8.25%,  5.96%,  2.28%,171903.2,13580.36,13693.74,176768.76,16,235,103.46,75,154,116.97,109,199,129.59, 0.00%, 17.02%,0.00%, 44.68%, 2.13%, 11.70%, 20.21%, 2.13%, 2.13%, 0.00%, 31.61%,0.00%, 41.94%, 1.29%, 7.26%, 13.06%, 1.45%, 3.39%, 0.00%, 44.76%,0.00%, 27.27%, 9.79%, 5.24%, 3.85%, 2.80%, 6.29%, 0.00%, 43.00%,0.00%, 17.00%, 12.00%, 7.50%, 13.50%, 1.50%, 5.50%,0.00%,0.0,79.3,47.7,13.5,131.1,0.0,1900.1,3.844,32
1,52,False,48, P-SLICE,20,32.0,120152,0,4.61,31.907,38.766,40.614,33.853,51, 15 13 11 9 , -, 0.00%,  0.00%,  0.00%, 0.00%,  0.00%,  0.03%, 0.03%,  0.03%,  0.21%, 0.09%,  0.09%,  0.54%, 0.00%,  0.03%,  0.15%,  1.63%,  3.65%,  7.52%,  7.73%, 37.17%, 26.03%,  0.00%,  0.12%,  0.79%,  4.14%,  0.00%,  0.03%,  1.36%,  8.64%,164284.33,13775.41,10505.07,255351.35,16,235,103.45,74,154,116.95,110,199,129.57, 0.00%, 0.00%,0.00%, 0.00%, 16.67%, 66.67%, 0.00%, 8.33%, 8.33%, 0.47%, 2.37%,0.00%, 27.01%, 12.80%, 31.99%, 8.77%, 12.09%, 4.50%, 1.54%, 12.14%,0.00%, 26.15%, 16.41%, 17.44%, 13.33%, 6.92%, 6.07%, 0.94%, 16.65%,0.00%, 23.35%, 25.12%, 5.77%, 16.08%, 3.05%, 9.04%,0.00%,0.0,84.5,101.4,11.1,284.0,0.0,1806.2,3.289,23
1,53,False,55, b-SLICE,21,34.0,14552,0,4.26,31.728,38.833,40.555,33.72,57, 20 18 ,23 26 , 0.00%,  0.00%,  0.00%, 0.00%,  0.00%,  0.00%, 0.00%,  0.00%,  0.00%, 0.00%,  0.00%,  0.00%, 0.00%,  2.29%,  1.20%, 17.69%, 10.59%, 18.17%,  6.14%,  7.34%,  7.22%,  0.00%,  2.17%,  7.10%,  4.09%,  0.36%,  4.81%,  5.42%,  5.42%,167847.3,13659.51,15136.77,175529.84,16,235,103.67,77,154,116.95,110,197,129.61, 0.00%, 9.38%,0.00%, 59.38%, 0.00%, 6.25%, 18.75%, 0.00%, 6.25%, 0.00%, 17.96%,0.00%, 53.87%, 0.93%, 4.64%, 16.10%, 2.94%, 3.56%, 0.00%, 33.99%,0.00%, 42.81%, 6.54%, 3.59%, 9.15%, 0.82%, 3.10%, 0.00%, 39.50%,0.00%, 19.00%, 11.50%, 6.00%, 14.00%, 2.50%, 7.50%,0.00%,0.0,93.3,36.5,7.9,116.6,0.0,1991.0,3.993,40
1,54,True,56, b-SLICE,22,34.0,12216,0,4.57,31.678,38.818,40.54,33.678,57, 20 18 ,23 26 , 0.00%,  0.00%,  0.00%, 0.00%,  0.00%,  0.00%, 0.00%,  0.00%,  0.00%, 0.00%,  0.00%,  0.00%, 0.00%,  2.72%,  1.63%, 18.23%, 13.61%, 16.05%,  6.12%,  7.76%,  5.31%,  0.00%,  3.95%,  5.44%,  3.81%,  0.14%,  5.71%,  7.35%,  2.18%,169832.22,13707.18,15292.17,175367.47,16,235,103.75,74,154,116.93,110,198,129.59, 0.00%, 3.03%,0.00%, 60.61%, 0.00%, 7.58%, 22.73%, 3.03%, 3.03%, 0.00%, 21.19%,0.00%, 47.46%, 1.49%, 8.36%, 14.63%, 2.54%, 4.33%, 0.00%, 36.58%,0.00%, 43.58%, 2.33%, 3.70%, 7.98%, 1.56%, 4.28%, 0.00%, 31.43%,0.00%, 27.86%, 12.86%, 4.29%, 14.29%, 1.43%, 7.86%,0.00%,0.0,87.2,37.4,7.9,117.3,0.0,1987.7,3.807,43
1,55,False,54, B-SLICE,23,33.0,33680,0,4.42,31.748,38.798,40.535,33.728,54, 20 18 13 ,26 , 0.00%,  0.00%,  0.00%, 0.00%,  0.00%,  0.00%, 0.00%,  0.00%,  0.00%, 0.00%,  0.00%,  0.00%, 0.00%,  0.19%,  0.49%,  5.88%,  8.29%, 15.09%, 13.30%, 17.93%, 14.72%,  0.00%,  0.93%,  5.07%,  6.06%,  0.00%,  1.61%,  3.65%,  6.80%,167795.77,13751.4,13381.42,185704.43,16,235,103.97,74,153,116.92,109,198,129.64, 0.00%, 0.00%,0.00%, 27.27%, 0.00%, 36.36%, 9.09%, 13.64%, 13.64%, 0.00%, 13.67%,0.00%, 39.33%, 2.33%, 19.17%, 16.17%, 4.17%, 5.17%, 0.00%, 23.50%,0.00%, 35.33%, 5.33%, 11.17%, 14.50%, 3.58%, 6.58%, 0.00%, 28.26%,0.00%, 26.90%, 12.50%, 8.36%, 11.62%, 3.40%, 8.97%,0.00%,0.0,71.3,58.2,15.2,182.6,0.0,1956.0,3.748,35
1,56,False,57, b-SLICE,24,34.0,9088,0,4.98,31.595,38.805,40.48,33.607,56, 23 20 18 ,26 , 0.00%,  0.00%,  0.00%, 0.00%,  0.00%,  0.00%, 0.00%,  0.00%,  0.00%, 0.00%,  0.00%,  0.00%, 0.00%,  2.00%,  2.50%, 22.00%, 16.67%, 11.00%,  6.83%,  4.17%,  2.17%,  0.00%,  5.00%,  2.83%,  0.67%,  0.67%, 13.17%,  6.67%,  3.67%,173031.42,13808.61,14532.64,176155.41,16,235,104.09,77,153,116.88,110,197,129.63, 0.00%, 12.90%,0.00%, 38.71%, 0.00%, 12.90%, 19.35%, 6.45%, 9.68%, 0.00%, 29.38%,0.00%, 41.24%, 2.43%, 6.74%, 13.48%, 2.02%, 4.72%, 0.00%, 34.76%,0.00%, 36.59%, 3.66%, 4.57%, 11.28%, 1.52%, 7.62%, 0.00%, 40.62%,0.00%, 29.69%, 9.38%, 1.56%, 9.38%, 0.78%, 8.59%,0.00%,0.0,85.4,37.6,7.9,94.5,0.0,1785.0,3.348,73
1,57,False,58, b-SLICE,25,34.0,7352,0,4.38,31.578,38.762,40.475,33.588,56, 23 20 18 ,26 , 0.00%,  0.00%,  0.00%, 0.00%,  0.00%,  0.00%, 0.00%,  0.00%,  0.00%, 0.00%,  0.00%,  0.00%, 0.00%,  2.38%,  3.66%, 13.00%, 19.41%,  7.88%,  7.14%,  3.48%,  2.93%,  0.00%,  6.78%,  3.85%,  1.83%,  1.65%, 16.30%,  6.96%,  2.75%,174134.48,13897.12,13498.73,176267.81,16,235,104.3,76,153,116.88,110,197,129.67, 0.00%, 21.43%,0.00%, 30.95%, 0.00%, 16.67%, 23.81%, 1.19%, 5.95%, 0.00%, 37.84%,0.00%, 29.43%, 0.90%, 8.26%, 16.97%, 1.80%, 4.80%, 0.00%, 41.84%,0.00%, 29.08%, 1.42%, 4.26%, 14.89%, 2.84%, 5.67%, 0.00%, 41.67%,0.00%, 25.00%, 6.67%, 6.67%, 10.00%, 3.33%, 6.67%,0.00%,0.0,29.4,38.4,7.9,97.7,0.0,1754.3,3.541,55
1,58,False,53, P-SLICE,26,32.0,133496,0,5.26,31.886,38.736,40.523,33.822,50, 20 18 15 13 , -, 0.00%,  0.00%,  0.00%, 0.00%,  0.00%,  0.00%, 0.00%,  0.00%,  0.06%, 0.08%,  0.03%,  0.50%, 0.00%,  0.06%,  0.03%,  1.66%,  2.99%,  7.75%,  6.76%, 38.57%, 26.88%,  0.00%,  0.03%,  0.86%,  5.79%,  0.00%,  0.08%,  1.00%,  6.89%,165357.56,13966.39,10496.66,269378.61,16,235,104.43,73,153,116.84,110,197,129.67, 0.00%, 0.00%,0.00%, 33.33%, 33.33%, 0.00%, 0.00%, 33.33%, 0.00%, 0.00%, 1.98%,0.00%, 29.70%, 14.85%, 28.47%, 11.63%, 6.68%, 6.68%, 0.34%, 11.30%,0.00%, 27.49%, 19.73%, 15.43%, 14.42%, 5.56%, 5.73%, 0.77%, 16.10%,0.00%, 24.89%, 24.09%, 6.03%, 16.61%, 3.04%, 8.46%,0.00%,0.0,17.9,105.5,13.5,318.1,0.0,1656.9,3.444,38
1,59,False,61, b-SLICE,27,34.0,12976,0,4.44,31.661,38.81,40.614,33.673,57, 26 23 ,29 31 , 0.00%,  0.00%,  0.00%, 0.00%,  0.00%,  0.00%, 0.00%,  0.00%,  0.00%, 0.00%,  0.00%,  0.00%, 0.00%,  1.79%,  1.08%, 16.49%, 12.54%, 13.14%, 10.63%,  6.21%,  5.85%,  0.00%,  4.42%,  4.30%,  4.18%,  0.12%,  4.66%, 10.27%,  4.30%,170673.36,13629.96,14871.27,175844.45,16,235,104.59,67,154,116.73,105,204,129.66, 0.00%, 4.00%,0.00%, 56.00%, 4.00%, 6.00%, 18.00%, 2.00%, 10.00%, 0.00%, 21.78%,0.00%, 45.85%, 2.29%, 8.02%, 16.33%, 1.43%, 4.30%, 0.00%, 38.01%,0.00%, 30.84%, 3.43%, 5.76%, 15.42%, 1.71%, 4.83%, 0.00%, 41.28%,0.00%, 16.86%, 13.37%, 2.91%, 11.63%, 2.03%, 11.92%,0.00%,0.0,104.1,42.1,8.4,121.6,0.0,1851.4,3.467,70
1,60,False,62, b-SLICE,28,34.0,14360,0,5.13,31.645,38.783,40.533,33.648,57, 26 23 ,29 31 , 0.00%,  0.00%,  0.00%, 0.00%,  0.00%,  0.00%, 0.00%,  0.00%,  0.00%, 0.00%,  0.00%,  0.00%, 0.00%,  1.33%,  1.22%, 16.17%, 10.63%, 12.85%,  9.30%, 10.19%,  8.97%,  0.00%,  1.99%,  2.44%,  2.77%,  0.33%,  5.87%,  9.52%,  6.42%,171112.69,13781.73,15044.04,176918.92,16,235,104.73,71,153,116.72,110,199,129.67, 0.00%, 11.54%,0.00%, 46.15%, 0.00%, 15.38%, 11.54%, 5.77%, 9.62%, 0.00%, 20.70%,0.00%, 48.69%, 2.62%, 6.71%, 17.20%, 1.02%, 3.06%, 0.00%, 35.06%,0.00%, 34.74%, 2.92%, 4.71%, 13.47%, 1.95%, 7.14%, 0.00%, 32.42%,0.00%, 26.56%, 9.38%, 4.49%, 13.09%, 3.12%, 10.94%,0.00%,0.0,103.2,42.2,8.4,112.0,0.0,1803.3,3.733,43
1,61,False,60, B-SLICE,29,33.0,34976,0,4.31,31.737,38.765,40.57,33.719,54, 26 23 18 ,31 , 0.00%,  0.00%,  0.00%, 0.00%,  0.00%,  0.00%, 0.00%,  0.00%,  0.00%, 0.00%,  0.00%,  0.00%, 0.00%,  0.22%,  0.33%,  5.13%,  6.38%, 10.37%, 18.11%, 16.31%, 16.53%,  0.00%,  0.60%,  3.82%,  6.00%,  0.05%,  0.98%,  4.69%, 10.47%,168413.83,13770.16,13063.87,187964.05,16,235,104.98,72,155,116.71,105,200,129.73, 0.00%, 9.09%,0.00%, 18.18%, 18.18%, 18.18%, 27.27%, 0.00%, 9.09%, 0.00%, 10.74%,0.00%, 38.89%, 7.04%, 15.93%, 21.11%, 2.41%, 3.89%, 0.00%, 23.04%,0.00%, 24.96%, 3.10%, 11.82%, 26.88%, 3.32%, 7.02%, 0.00%, 33.41%,0.00%, 22.68%, 10.40%, 7.96%, 13.61%, 3.26%, 8.68%,0.00%,0.0,47.6,67.3,12.9,198.0,0.0,1721.0,3.289,66
1,62,False,63, b-SLICE,30,34.0,10368,0,4.44,31.568,38.752,40.523,33.585,56, 29 26 23 ,31 , 0.00%,  0.00%,  0.00%, 0.00%,  0.00%,  0.00%, 0.00%,  0.00%,  0.00%, 0.00%,  0.00%,  0.00%, 0.00%,  0.98%,  1.39%, 19.25%, 15.90%, 10.46%,  6.69%,  5.86%,  5.44%,  0.00%,  6.14%,  5.02%,  2.51%,  0.84%,  8.93%,  5.44%,  5.16%,174184.29,13854.67,14546.13,178264.39,16,235,105.06,70,153,116.7,107,198,129.73, 0.00%, 26.09%,0.00%, 30.43%, 0.00%, 15.22%, 23.91%, 0.00%, 4.35%, 0.00%, 27.69%,0.00%, 42.05%, 1.03%, 5.51%, 15.00%, 2.69%, 6.03%, 0.00%, 37.88%,0.00%, 30.30%, 7.58%, 5.30%, 10.35%, 1.77%, 6.82%, 0.00%, 40.44%,0.00%, 19.85%, 11.03%, 1.84%, 9.19%, 2.57%, 15.07%,0.00%,0.0,101.8,43.8,8.4,110.7,0.0,1734.2,3.674,68
1,63,True,59, P-SLICE,31,32.0,135000,0,4.13,31.892,38.703,40.55,33.826,51, 26 23 20 18 , -, 0.00%,  0.00%,  0.00%, 0.00%,  0.00%,  0.00%, 0.00%,  0.00%,  0.03%, 0.05%,  0.11%,  0.57%, 0.00%,  0.03%,  0.00%,  2.00%,  2.30%,  7.56%,  7.40%, 34.20%, 31.25%,  0.00%,  0.03%,  1.00%,  4.46%,  0.00%,  0.14%,  1.30%,  7.59%,165281.69,14027.96,10522.04,273893.9,16,235,105.22,69,155,116.7,107,199,129.76, 0.00%, 0.00%,0.00%, 100.00%, 0.00%, 0.00%, 0.00%, 0.00%, 0.00%, 0.00%, 3.08%,0.00%, 35.38%, 17.95%, 24.36%, 10.51%, 5.13%, 3.59%, 0.16%, 13.28%,0.00%, 25.16%, 18.59%, 16.64%, 14.14%, 5.86%, 6.17%, 0.93%, 15.40%,0.00%, 20.65%, 23.07%, 7.01%, 20.06%, 3.47%, 9.41%,0.00%,0.0,1.8,89.7,0.0,291.1,0.0,1646.6,3.689,45
2,64,False,64, I-SLICE,0,29.0,564624,0,3.75,35.055,39.216,41.455,36.375,55,  -, -, 0.00%,  0.00%,  0.00%, 0.26%,  0.26%,  0.42%, 1.71%,  2.14%,  5.89%, 8.51%,  7.05%, 25.53%,48.22%,  0.00%,  0.00%,  0.00%,  0.00%,  0.00%,  0.00%,  0.00%,  0.00%,  0.00%,  0.00%,  0.00%,  0.00%,  0.00%,  0.00%,  0.00%,  0.00%,79996.25,12647.18,6243.27,1077146.65,16,235,105.16,68,155,116.68,105,206,129.74, 0.00%, 0.00%,0.00%, 0.00%, 0.00%, 0.00%, 0.00%, 0.00%, 0.00%, 64.29%, 0.00%,0.00%, 35.71%, 0.00%, 0.00%, 0.00%, 0.00%, 0.00%, 100.00%, 0.00%,0.00%, 0.00%, 0.00%, 0.00%, 0.00%, 0.00%, 0.00%, 100.00%, 0.00%,0.00%, 0.00%, 0.00%, 0.00%, 0.00%, 0.00%, 0.00%,100.00%,0.0,0.0,238.2,0.0,797.3,0.0,1827.9,3.778,40
2,65,False,67, b-SLICE,1,34.0,11000,0,4.09,33.16,39.218,41.313,34.936,54, 0 ,2 4 , 0.00%,  0.00%,  0.00%, 0.00%,  0.00%,  0.00%, 0.00%,  0.00%,  0.00%, 0.00%,  0.00%,  0.00%, 0.00%,  0.93%,  0.53%, 21.20%, 13.87%,  6.53%,  6.93%,  6.40%,  7.20%,  0.00%,  7.87%,  2.67%,  3.73%,  0.27%, 11.47%,  4.80%,  5.60%,120791.09,12087.61,10938.88,126931.02,16,235,105.22,66,155,116.71,105,204,129.77, 0.00%, 15.38%,0.00%, 53.85%, 0.00%, 15.38%, 7.69%, 0.00%, 7.69%, 0.00%, 33.11%,0.00%, 41.55%, 1.60%, 6.51%, 13.58%, 0.91%, 2.74%, 0.00%, 35.67%,0.00%, 24.84%, 6.37%, 8.60%, 14.33%, 2.55%, 7.64%, 0.00%, 40.70%,0.00%, 22.09%, 5.81%, 5.52%, 10.17%, 6.40%, 9.30%,0.00%,0.0,213.5,32.0,6.6,89.0,0.0,1889.3,3.341,62
2,66,False,66, B-SLICE,2,33.0,25320,0,4.41,33.042,39.14,41.246,34.83,53, 0 ,4 , 0.00%,  0.00%,  0.00%, 0.00%,  0.00%,  0.00%, 0.00%,  0.00%,  0.00%, 0.00%,  0.00%,  0.00%, 0.00%,  0.07%,  0.14%,  7.95%, 10.79%,  8.30%, 21.58%, 10.58%, 16.67%,  0.00%,  2.07%,  3.25%,  4.70%,  0.00%,  1.66%,  4.91%,  7.33%,124727.6,12294.72,9895.04,139093.64,16,235,105.17,70,154,116.69,110,202,129.74, 0.00%, 0.00%,0.00%, 33.33%, 0.00%, 33.33%, 33.33%, 0.00%, 0.00%, 0.00%, 15.21%,0.00%, 38.87%, 1.97%, 15.49%, 21.13%, 3.24%, 4.08%, 0.00%, 21.45%,0.00%, 19.27%, 2.55%, 16.36%, 33.27%, 2.09%, 5.00%, 0.00%, 30.63%,0.00%, 17.61%, 9.33%, 8.98%, 15.14%, 6.69%, 11.62%,0.00%,0.0,176.2,46.7,11.3,125.9,0.0,1840.5,3.193,63
2,67,False,68, b-SLICE,3,34.0,10544,0,4.01,32.533,39.086,41.18,34.433,52, 2 0 ,4 , 0.00%,  0.00%,  0.00%, 0.00%,  0.00%,  0.00%, 0.00%,  0.00%,  0.00%, 0.00%,  0.00%,  0.00%, 0.00%,  1.20%,  2.67%, 13.87%, 17.07%, 10.27%,  8.40%,  6.53%,  8.13%,  0.00%,  2.53%,  3.60%,  4.53%,  0.40%,  8.93%,  5.47%,  6.40%,139645.39,12461.43,11409.56,143735.74,16,235,105.15,69,154,116.73,109,199,129.77, 0.00%, 9.38%,0.00%, 28.12%, 0.00%, 25.00%, 28.12%, 4.69%, 4.69%, 0.00%, 24.71%,0.00%, 37.07%, 1.44%, 10.49%, 18.82%, 2.59%, 4.89%, 0.00%, 32.69%,0.00%, 31.73%, 5.29%, 8.65%, 14.42%, 2.40%, 4.81%, 0.00%, 42.71%,0.00%, 18.75%, 6.77%, 6.25%, 9.37%, 3.65%, 12.50%,0.00%,0.0,211.8,38.9,6.6,110.0,0.0,1870.4,3.356,64
2,68,False,65, P-SLICE,4,32.0,78168,0,4.48,32.744,39.021,41.171,34.582,51, 0 , -, 0.00%,  0.00%,  0.00%, 0.00%,  0.00%,  0.00%, 0.00%,  0.03%,  0.08%, 0.06%,  0.00%,  0.59%, 0.00%,  0.00%,  0.03%,  0.89%,  2.54%,  5.98%, 12.92%, 20.05%, 36.77%,  0.00%,  0.06%,  0.98%,  5.79%,  0.00%,  0.20%,  3.69%,  9.34%,135978.62,12599.31,8159.28,203666.05,16,235,105.05,69,155,116.72,110,201,129.73, 0.00%, 0.00%,0.00%, 0.00%, 0.00%, 50.00%, 50.00%, 0.00%, 0.00%, 0.00%, 5.56%,0.00%, 29.01%, 9.26%, 26.23%, 20.06%, 5.56%, 4.32%, 0.47%, 19.72%,0.00%, 18.18%, 7.08%, 21.96%, 24.09%, 3.60%, 4.90%, 0.89%, 20.84%,0.00%, 16.64%, 10.98%, 12.37%, 26.96%, 4.24%, 7.09%,0.00%,0.0,145.6,77.1,29.6,210.3,0.0,1736.9,3.385,36
2,69,False,71, b-SLICE,5,34.0,12976,0,4.0,32.238,39.125,41.145,34.213,50, 4 2 ,6 8 , 0.00%,  0.00%,  0.00%, 0.00%,  0.00%,  0.00%, 0.00%,  0.00%,  0.00%, 0.00%,  0.00%,  0.00%, 0.00%,  2.14%,  2.14%, 15.35%, 12.20%, 10.94%,  7.42%,  8.43%,  8.68%,  0.00%,  4.53%,  4.15%,  4.28%,  0.13%,  5.03%,  8.30%,  6.29%,149350.36,12431.26,13108.84,155821.7,16,235,104.97,72,154,116.86,103,201,129.81, 0.00%, 2.86%,0.00%, 48.57%, 0.00%, 14.29%, 20.00%, 5.71%, 8.57%, 0.00%, 23.38%,0.00%, 44.62%, 2.15%, 8.77%, 16.15%, 1.54%, 3.38%, 0.00%, 40.41%,0.00%, 31.43%, 4.08%, 6.33%, 12.45%, 2.04%, 3.27%, 0.00%, 38.18%,0.00%, 25.91%, 4.55%, 5.23%, 12.95%, 2.73%, 10.45%,0.00%,0.0,115.7,39.8,7.9,112.8,0.0,1897.0,3.215,60
2,70,False,70, B-SLICE,6,33.0,30320,0,4.38,32.391,39.145,41.11,34.325,49, 4 2 0 ,8 , 0.00%,  0.00%,  0.00%, 0.00%,  0.00%,  0.00%, 0.00%,  0.00%,  0.00%, 0.00%,  0.00%,  0.00%, 0.00%,  0.60%,  0.34%,  8.38%,  8.45%, 10.87%, 14.76%, 14.49%, 18.11%,  0.00%,  0.80%,  3.29%,  6.77%,  0.00%,  1.61%,  4.23%,  7.31%,144486.4,12435.47,12707.41,162462.36,16,235,104.85,72,156,116.9,110,197,129.78, 0.00%, 0.00%,0.00%, 64.29%, 0.00%, 10.71%, 17.86%, 0.00%, 7.14%, 0.00%, 11.36%,0.00%, 44.16%, 4.73%, 7.10%, 23.50%, 1.74%, 7.41%, 0.00%, 22.67%,0.00%, 28.34%, 4.45%, 9.11%, 25.51%, 2.23%, 7.69%, 0.00%, 30.17%,0.00%, 21.98%, 9.05%, 9.41%, 14.58%, 3.52%, 11.28%,0.00%,0.0,94.7,62.6,9.7,173.2,0.0,1840.3,3.119,66
2,71,False,72, b-SLICE,7,34.0,10976,0,3.94,31.999,39.074,40.958,34.003,48, 6 4 2 ,8 , 0.00%,  0.00%,  0.00%, 0.00%,  0.00%,  0.00%, 0.00%,  0.00%,  0.00%, 0.00%,  0.00%,  0.00%, 0.00%,  1.52%,  2.20%, 11.43%, 16.53%, 10.06%,  7.99%,  7.58%,  6.06%,  0.00%,  4.55%,  3.72%,  3.44%,  1.10%,  9.92%,  6.20%,  7.71%,157993.78,12732.46,12693.7,163331.5,16,235,104.67,70,154,116.89,110,197,129.71, 0.00%, 22.86%,0.00%, 28.57%, 2.86%, 20.00%, 22.86%, 1.43%, 1.43%, 0.00%, 31.07%,0.00%, 31.36%, 2.07%, 7.10%, 19.53%, 2.07%, 6.80%, 0.00%, 35.47%,0.00%, 32.02%, 3.94%, 4.43%, 10.34%, 2.22%, 11.58%, 0.00%, 45.00%,0.00%, 20.56%, 10.00%, 5.83%, 10.28%, 2.50%, 5.83%,0.00%,0.0,91.4,39.9,7.9,93.6,0.0,1869.4,3.481,58
2,72,True,69, P-SLICE,8,32.0,113400,0,4.54,32.311,38.991,40.955,34.227,47, 4 2 0 , -, 0.00%,  0.00%,  0.00%, 0.00%,  0.00%,  0.03%, 0.00%,  0.00%,  0.06%, 0.28%,  0.11%,  0.85%, 0.00%,  0.03%,  0.00%,  1.49%,  2.92%,  5.73%, 10.52%, 33.42%, 28.46%,  0.00%,  0.06%,  0.52%,  4.85%,  0.00%,  0.08%,  1.32%,  9.28%,149987.83,12949.87,9425.96,250446.24,16,235,104.58,73,155,116.89,109,199,129.69, 0.00%, 0.00%,0.00%, 100.00%, 0.00%, 0.00%, 0.00%, 0.00%, 0.00%, 0.51%, 2.55%,0.00%, 32.14%, 10.71%, 25.26%, 17.09%, 5.61%, 6.12%, 0.30%, 10.17%,0.00%, 19.73%, 11.84%, 21.02%, 23.75%, 5.54%, 7.66%, 1.60%, 18.30%,0.00%, 24.04%, 19.22%, 7.15%, 18.21%, 4.23%, 7.26%,0.00%,0.0,59.9,83.4,6.6,256.1,0.0,1711.9,3.585,49
2,73,False,75, b-SLICE,9,34.0,11496,0,4.19,31.951,39.017,40.853,33.947,46, 8 6 ,10 12 , 0.00%,  0.00%,  0.00%, 0.00%,  0.00%,  0.00%, 0.00%,  0.00%,  0.00%, 0.00%,  0.00%,  0.00%, 0.00%,  1.96%,  1.68%, 17.79%, 15.41%, 10.64%,  7.84%,  6.16%,  6.02%,  0.00%,  5.04%,  3.78%,  3.22%,  0.42%,  8.26%,  7.56%,  4.20%,159461.94,12958.67,14164.71,163472.96,16,235,104.5,72,154,116.94,110,202,129.69, 0.00%, 10.34%,0.00%, 48.28%, 0.00%, 10.34%, 20.69%, 3.45%, 6.90%, 0.00%, 26.24%,0.00%, 40.06%, 3.31%, 8.98%, 13.67%, 2.90%, 4.83%, 0.00%, 38.03%,0.00%, 32.86%, 2.82%, 3.76%, 11.74%, 2.58%, 8.22%, 0.00%, 37.86%,0.00%, 26.43%, 5.00%, 3.93%, 7.50%, 4.64%, 14.64%,0.00%,0.0,103.4,38.6,8.5,105.5,0.0,1872.9,3.193,73
2,74,False,74, B-SLICE,10,33.0,25192,0,4.61,32.06,38.975,40.821,34.019,45, 8 6 2 ,12 , 0.00%,  0.00%,  0.00%, 0.00%,  0.00%,  0.00%, 0.00%,  0.00%,  0.00%, 0.00%,  0.00%,  0.00%, 0.00%,  0.64%,  0.57%,  7.98%,  7.91%, 12.96%, 11.68%, 14.17%, 14.03%,  0.00%,  1.28%,  4.20%,  5.84%,  0.00%,  2.49%,  7.83%,  8.40%,155989.44,13071.79,13127.97,167637.68,16,235,104.43,74,154,116.92,110,199,129.66, 0.00%, 0.00%,0.00%, 47.06%, 5.88%, 8.82%, 20.59%, 5.88%, 11.76%, 0.00%, 17.32%,0.00%, 43.79%, 2.61%, 11.11%, 18.30%, 3.27%, 3.59%, 0.00%, 32.82%,0.00%, 31.84%, 3.50%, 7.96%, 13.59%, 2.62%, 7.67%, 0.00%, 33.56%,0.00%, 23.66%, 9.73%, 6.71%, 10.07%, 4.19%, 12.08%,0.00%,0.0,109.2,52.7,13.1,140.3,0.0,1811.8,3.0,53
2,75,False,76, b-SLICE,11,34.0,9272,0,4.15,31.807,38.956,40.789,33.823,44, 10 8 6 ,12 , 0.00%,  0.00%,  0.00%, 0.00%,  0.00%,  0.00%, 0.00%,  0.00%,  0.00%, 0.00%,  0.00%,  0.00%, 0.00%,  2.36%,  3.37%, 15.32%, 16.50%,  6.73%,  5.56%,  6.23%,  4.88%,  0.00%,  5.72%,  1.85%,  3.54%,  1.35%, 13.13%,  8.59%,  4.88%,165164.79,13143.53,13312.7,168691.16,16,235,104.46,72,153,116.96,108,199,129.69, 0.00%, 19.05%,0.00%, 33.33%, 0.00%, 16.67%, 26.19%, 0.00%, 4.76%, 0.00%, 33.84%,0.00%, 31.42%, 5.14%, 4.83%, 15.71%, 2.27%, 6.80%, 0.00%, 45.93%,0.00%, 20.74%, 8.89%, 2.59%, 11.48%, 1.85%, 8.52%, 0.00%, 43.10%,0.00%, 23.28%, 8.62%, 3.02%, 5.60%, 4.31%, 12.07%,0.00%,0.0,72.7,38.6,8.5,103.2,0.0,1831.9,3.556,66
2,76,False,73, P-SLICE,12,32.0,112192,0,4.66,32.15,38.908,40.762,34.071,43, 8 6 4 2 , -, 0.00%,  0.00%,  0.00%, 0.00%,  0.00%,  0.00%, 0.00%,  0.00%,  0.06%, 0.18%,  0.21%,  0.59%, 0.00%,  0.03%,  0.00%,  1.82%,  3.43%,  6.86%,  7.45%, 32.34%, 27.65%,  0.00%,  0.21%,  1.08%,  6.83%,  0.00%,  0.23%,  1.91%,  9.15%,155220.65,13300.88,10283.93,249683.55,16,235,104.49,71,155,116.94,110,198,129.67, 0.00%, 0.00%,0.00%, 100.00%, 0.00%, 0.00%, 0.00%, 0.00%, 0.00%, 0.00%, 6.70%,0.00%, 29.46%, 11.61%, 25.67%, 16.29%, 6.70%, 3.57%, 0.34%, 17.23%,0.00%, 25.68%, 13.85%, 12.25%, 18.50%, 4.48%, 7.69%, 1.26%, 20.77%,0.00%, 21.61%, 20.43%, 5.77%, 18.20%, 3.26%, 8.71%,0.00%,0.0,84.5,85.9,7.9,274.2,0.0,1725.3,3.77,31
2,77,False,79, b-SLICE,13,34.0,14056,0,4.36,31.771,38.964,40.68,33.783,42, 12 10 ,16 19 , 0.00%,  0.00%,  0.00%, 0.00%,  0.00%,  0.00%, 0.00%,  0.00%,  0.00%, 0.00%,  0.00%,  0.00%, 0.00%,  1.27%,  1.38%, 11.32%, 13.33%,  7.51%,  7.51%,  8.15%, 15.98%,  0.00%,  2.43%,  3.17%,  5.08%,  0.53%,  5.40%,  7.20%,  9.74%,166436.26,13262.17,14356.44,172983.09,16,235,104.7,72,154,116.96,108,200,129.72, 0.00%, 16.67%,0.00%, 40.00%, 0.00%, 8.33%, 21.67%, 6.67%, 6.67%, 0.00%, 21.96%,0.00%, 37.98%, 2.67%, 9.94%, 19.14%, 1.04%, 7.27%, 0.00%, 40.83%,0.00%, 24.17%, 5.42%, 3.33%, 14.17%, 1.25%, 10.83%, 0.00%, 38.04%,0.00%, 14.67%, 6.25%, 2.85%, 15.62%, 3.80%, 18.75%,0.00%,0.0,124.3,46.2,12.9,134.3,0.0,1890.9,3.356,59
2,78,False,80, b-SLICE,14,34.0,17160,0,4.35,31.795,38.988,40.719,33.809,41, 12 10 ,16 19 , 0.00%,  0.00%,  0.00%, 0.00%,  0.00%,  0.00%, 0.00%,  0.00%,  0.00%, 0.00%,  0.00%,  0.00%, 0.00%,  1.39%,  1.18%, 14.04%, 12.65%,  9.86%,  8.79%, 11.68%, 11.68%,  0.00%,  2.47%,  5.57%,  5.14%,  0.43%,  4.07%,  4.82%,  6.22%,165364.69,13171.41,14792.16,175623.36,16,235,104.8,73,155,116.94,108,201,129.71, 0.00%, 14.29%,0.00%, 46.43%, 0.00%, 10.71%, 25.00%, 0.00%, 3.57%, 0.00%, 17.94%,0.00%, 43.82%, 3.53%, 8.82%, 20.59%, 1.18%, 4.12%, 0.00%, 35.79%,0.00%, 29.89%, 4.06%, 6.64%, 17.34%, 1.11%, 5.17%, 0.00%, 32.72%,0.00%, 22.53%, 11.11%, 7.10%, 12.04%, 4.48%, 10.03%,0.00%,0.0,95.1,47.9,12.9,128.9,0.0,1871.4,3.2,60
2,79,False,81, b-SLICE,15,34.0,10784,0,4.18,31.602,39.018,40.666,33.662,40, 12 10 ,16 19 , 0.00%,  0.00%,  0.00%, 0.00%,  0.00%,  0.00%, 0.00%,  0.00%,  0.00%, 0.00%,  0.00%,  0.00%, 0.00%,  0.70%,  2.37%, 10.18%, 13.53%,  8.23%,  8.93%,  4.18%,  8.51%,  0.00%,  5.16%,  3.91%,  3.07%,  2.09%, 13.11%,  6.69%,  9.34%,173045.3,13180.28,13884.96,177174.86,16,235,105.07,72,155,116.91,109,201,129.7, 0.00%, 40.54%,0.00%, 10.81%, 2.70%, 8.11%, 29.73%, 4.05%, 4.05%, 0.00%, 39.58%,0.00%, 29.00%, 2.11%, 5.14%, 16.62%, 3.02%, 4.53%, 0.00%, 38.19%,0.00%, 26.13%, 3.52%, 7.79%, 13.32%, 2.76%, 8.29%, 0.00%, 49.44%,0.00%, 13.89%, 2.78%, 7.50%, 10.83%, 4.17%, 11.39%,0.00%,0.0,95.0,48.0,12.9,99.2,0.0,1868.2,3.037,57
2,80,False,78, B-SLICE,16,33.0,40176,0,4.48,31.88,39.011,40.686,33.872,39, 12 10 6 ,19 , 0.00%,  0.00%,  0.00%, 0.00%,  0.00%,  0.00%, 0.00%,  0.00%,  0.00%, 0.00%,  0.00%,  0.00%, 0.00%,  0.22%,  0.38%,  4.53%,  7.04%, 12.06%, 14.95%, 17.57%, 16.97%,  0.00%,  0.60%,  3.66%,  8.18%,  0.00%,  1.09%,  5.51%,  7.26%,162903.54,13168.04,13054.21,191181.72,16,235,105.25,69,154,116.9,109,198,129.72, 0.00%, 0.00%,0.00%, 18.18%, 18.18%, 9.09%, 18.18%, 22.73%, 13.64%, 0.00%, 11.36%,0.00%, 38.10%, 3.30%, 15.93%, 21.79%, 4.21%, 5.31%, 0.00%, 25.34%,0.00%, 26.24%, 7.09%, 11.46%, 22.78%, 2.19%, 4.90%, 0.00%, 30.90%,0.00%, 22.27%, 12.88%, 6.77%, 10.81%, 4.86%, 11.52%,0.00%,0.0,108.9,65.4,19.3,199.9,0.0,1776.6,3.681,35
2,81,True,82, b-SLICE,17,34.0,12824,0,4.4,31.818,39.033,40.641,33.822,38, 16 12 10 ,19 , 0.00%,  0.00%,  0.00%, 0.00%,  0.00%,  0.00%, 0.00%,  0.00%,  0.00%, 0.00%,  0.00%,  0.00%, 0.00%,  2.05%,  1.21%, 14.86%, 12.08%,  6.16%,  7.00%,  8.45%, 11.23%,  0.00%,  3.86%,  4.11%,  6.76%,  0.12%,  9.42%,  5.80%,  6.88%,164483.98,13186.18,14475.64,171492.57,16,235,105.6,68,155,116.93,110,204,129.79, 0.00%, 3.57%,0.00%, 57.14%, 3.57%, 10.71%, 17.86%, 0.00%, 7.14%, 0.00%, 30.30%,0.00%, 41.32%, 0.83%, 5.65%, 17.22%, 1.52%, 3.17%, 0.00%, 42.93%,0.00%, 24.61%, 2.09%, 4.45%, 13.87%, 2.62%, 9.42%, 0.00%, 40.94%,0.00%, 16.67%, 8.70%, 4.89%, 8.88%, 4.17%, 15.76%,0.00%,0.0,29.5,48.0,12.9,110.3,0.0,1767.3,3.756,55
2,82,False,83, b-SLICE,18,34.0,10800,0,4.45,31.792,38.973,40.572,33.787,37, 16 12 10 ,19 , 0.00%,  0.00%,  0.00%, 0.00%,  0.00%,  0.00%, 0.00%,  0.00%,  0.00%, 0.00%,  0.00%,  0.00%, 0.00%,  2.38%,  1.40%, 13.03%, 19.19%,  6.16%,  7.00%,  6.44%,  9.66%,  0.00%,  3.92%,  5.18%,  4.34%,  0.56%, 10.36%,  5.60%,  4.76%,165540.7,13379.76,14167.41,170781.65,16,235,105.75,67,154,116.91,109,201,129.78, 0.00%, 12.90%,0.00%, 51.61%, 3.23%, 12.90%, 19.35%, 0.00%, 0.00%, 0.00%, 28.18%,0.00%, 32.32%, 1.66%, 9.53%, 22.24%, 0.97%, 5.11%, 0.00%, 45.03%,0.00%, 19.88%, 5.85%, 6.43%, 12.28%, 3.51%, 7.02%, 0.00%, 36.11%,0.00%, 18.89%, 6.67%, 6.94%, 10.28%, 6.11%, 15.00%,0.00%,0.0,0.0,34.0,0.0,108.2,0.0,1731.7,3.881,60
2,83,False,77, P-SLICE,19,32.0,141736,0,4.43,32.119,38.902,40.651,34.033,36, 12 10 8 6 , -, 0.00%,  0.00%,  0.00%, 0.00%,  0.00%,  0.03%, 0.03%,  0.00%,  0.11%, 0.21%,  0.13%,  1.07%, 0.00%,  0.03%,  0.03%,  1.58%,  2.28%,  6.73%,  9.04%, 35.32%, 29.18%,  0.00%,  0.05%,  0.78%,  4.69%,  0.00%,  0.16%,  1.29%,  7.27%,156928.31,13480.19,10419.58,301198.47,16,235,105.96,69,154,116.92,110,200,129.82, 0.00%, 0.00%,0.00%, 50.00%, 0.00%, 50.00%, 0.00%, 0.00%, 0.00%, 0.55%, 4.37%,0.00%, 33.88%, 14.75%, 21.31%, 14.75%, 6.56%, 3.83%, 0.75%, 11.49%,0.00%, 18.66%, 18.81%, 17.91%, 24.78%, 3.58%, 4.03%, 1.83%, 15.36%,0.00%, 19.52%, 25.83%, 6.27%, 18.84%, 3.19%, 9.18%,0.00%,0.0,72.7,104.1,8.5,336.3,0.0,1653.1,3.704,30
2,84,False,86, b-SLICE,20,34.0,8608,0,4.43,31.822,38.937,40.57,33.805,35, 19 16 ,21 23 , 0.00%,  0.00%,  0.00%, 0.00%,  0.00%,  0.00%, 0.00%,  0.00%,  0.00%, 0.00%,  0.00%,  0.00%, 0.00%,  4.08%,  2.66%, 17.38%, 13.48%,  7.98%,  5.32%,  4.43%,  5.67%,  0.00%,  7.62%,  6.38%,  4.79%,  1.42%, 12.23%,  4.43%,  2.13%,164395.61,13447.77,14522.91,167608.56,16,235,106.03,68,154,116.9,109,200,129.8, 0.00%, 17.39%,0.00%, 50.00%, 0.00%, 5.43%, 20.65%, 2.17%, 4.35%, 0.00%, 35.44%,0.00%, 37.97%, 2.53%, 4.43%, 12.34%, 1.74%, 5.54%, 0.00%, 44.85%,0.00%, 30.88%, 2.21%, 2.57%, 8.46%, 4.04%, 6.99%, 0.00%, 40.62%,0.00%, 19.79%, 6.25%, 3.65%, 9.90%, 4.17%, 15.62%,0.00%,0.0,110.9,35.1,8.1,100.5,0.0,1817.3,3.215,69
2,85,False,85, B-SLICE,21,33.0,20560,0,4.1,31.964,38.924,40.582,33.911,34, 19 16 10 ,23 , 0.00%,  0.00%,  0.00%, 0.00%,  0.00%,  0.00%, 0.00%,  0.00%,  0.00%, 0.00%,  0.00%,  0.00%, 0.00%,  1.37%,  0.98%, 10.49%, 12.84%,  9.22%, 11.27%, 13.14%, 10.78%,  0.00%,  2.16%,  5.59%,  4.31%,  0.10%,  4.22%,  7.25%,  6.27%,159354.18,13457.14,13823.76,170158.54,16,235,106.13,70,156,116.93,107,201,129.83, 0.00%, 4.00%,0.00%, 52.00%, 4.00%, 6.00%, 22.00%, 6.00%, 6.00%, 0.00%, 19.52%,0.00%, 37.84%, 3.30%, 9.31%, 22.52%, 1.35%, 6.16%, 0.00%, 38.53%,0.00%, 21.47%, 6.18%, 8.09%, 14.85%, 2.50%, 8.38%, 0.00%, 30.68%,0.00%, 25.57%, 12.50%, 4.26%, 9.66%, 5.68%, 11.65%,0.00%,0.0,68.7,51.2,12.7,130.5,0.0,1762.0,3.037,63
2,86,False,87, b-SLICE,22,34.0,7800,0,4.65,31.804,38.904,40.524,33.781,33, 21 19 16 ,23 , 0.00%,  0.00%,  0.00%, 0.00%,  0.00%,  0.00%, 0.00%,  0.00%,  0.00%, 0.00%,  0.00%,  0.00%, 0.00%,  5.29%,  3.53%, 19.61%, 15.69%,  6.27%,  5.88%,  3.33%,  5.69%,  0.00%,  3.92%,  4.31%,  2.94%,  1.37%, 13.73%,  4.71%,  3.73%,165029.04,13566.73,14670.02,167700.3,16,235,106.14,67,154,116.92,110,199,129.82, 0.00%, 13.46%,0.00%, 51.92%, 0.00%, 7.69%, 23.08%, 0.00%, 3.85%, 0.00%, 30.00%,0.00%, 41.33%, 2.00%, 4.67%, 13.67%, 1.50%, 6.83%, 0.00%, 42.59%,0.00%, 26.85%, 2.78%, 3.24%, 13.43%, 4.17%, 6.94%, 0.00%, 42.50%,0.00%, 15.00%, 6.25%, 5.62%, 9.38%, 3.75%, 17.50%,0.00%,0.0,110.8,35.2,8.1,94.5,0.0,1756.1,3.948,63
2,87,False,84, P-SLICE,23,32.0,102336,0,4.2,32.026,38.82,40.504,33.935,32, 19 16 12 10 , -, 0.00%,  0.00%,  0.00%, 0.00%,  0.00%,  0.00%, 0.00%,  0.00%,  0.10%, 0.03%,  0.00%,  0.70%, 0.00%,  0.00%,  0.06%,  1.92%,  4.09%,  7.38%,  7.64%, 30.58%, 29.02%,  0.00%,  0.10%,  1.18%,  3.68%,  0.00%,  0.58%,  2.56%, 10.39%,159350.59,13788.4,10973.72,243768.4,16,235,106.16,68,157,116.94,110,200,129.83, 0.00%, 0.00%,0.00%, 0.00%, 0.00%, 50.00%, 0.00%, 50.00%, 0.00%, 0.00%, 8.79%,0.00%, 24.27%, 13.39%, 22.38%, 19.04%, 5.23%, 6.90%, 0.51%, 19.83%,0.00%, 20.00%, 19.15%, 8.22%, 19.92%, 4.07%, 8.31%, 0.99%, 18.90%,0.00%, 15.21%, 25.90%, 4.70%, 20.60%, 2.94%, 10.76%,0.00%,1.5,0.1,85.0,0.0,267.4,0.0,1693.8,3.778,41
2,88,False,90, b-SLICE,24,34.0,7480,0,4.83,31.919,38.872,40.49,33.859,31, 23 21 ,25 27 , 0.00%,  0.00%,  0.00%, 0.00%,  0.00%,  0.00%, 0.00%,  0.00%,  0.00%, 0.00%,  0.00%,  0.00%, 0.00%,  4.24%,  3.28%, 16.76%, 15.22%,  6.17%,  5.59%,  3.08%,  5.20%,  0.00%,  4.62%,  2.12%,  1.16%,  1.73%, 18.69%,  6.17%,  5.97%,160631.04,13671.65,14998.48,163218.53,16,235,106.16,70,155,116.94,109,199,129.82, 0.00%, 18.75%,0.00%, 43.75%, 2.08%, 5.21%, 26.04%, 1.04%, 3.12%, 0.00%, 38.17%,0.00%, 35.33%, 1.58%, 4.10%, 11.36%, 2.52%, 6.94%, 0.00%, 41.35%,0.00%, 27.88%, 2.88%, 2.40%, 12.02%, 1.92%, 11.54%, 0.00%, 46.25%,0.00%, 13.75%, 6.25%, 2.50%, 10.00%, 4.38%, 16.88%,0.00%,0.0,106.1,35.1,6.6,104.9,0.0,1763.9,3.481,73
2,89,False,89, B-SLICE,25,33.0,17992,0,4.27,31.983,38.937,40.56,33.924,30, 23 21 16 ,27 , 0.00%,  0.00%,  0.00%, 0.00%,  0.00%,  0.00%, 0.00%,  0.00%,  0.00%, 0.00%,  0.00%,  0.00%, 0.00%,  1.15%,  1.05%, 11.53%, 14.47%,  9.33%,  9.22%, 10.90%, 11.01%,  0.00%,  1.99%,  2.20%,  4.82%,  0.42%,  5.97%,  6.18%,  9.75%,158470.98,13461.24,14172.59,168181.66,16,235,106.25,74,155,117.03,109,200,129.91, 0.00%, 16.00%,0.00%, 44.00%, 0.00%, 8.00%, 20.00%, 0.00%, 12.00%, 0.00%, 21.47%,0.00%, 37.85%, 1.69%, 6.78%, 22.88%, 2.40%, 6.92%, 0.00%, 31.13%,0.00%, 26.46%, 8.17%, 5.84%, 18.68%, 2.14%, 7.59%, 0.00%, 39.94%,0.00%, 21.84%, 8.05%, 5.89%, 8.19%, 5.03%, 11.06%,0.00%,0.0,99.2,50.0,11.8,131.6,0.0,1709.5,2.985,63
2,90,True,91, b-SLICE,26,34.0,5512,0,5.15,31.901,38.926,40.533,33.858,29, 25 23 21 ,27 , 0.00%,  0.00%,  0.00%, 0.00%,  0.00%,  0.00%, 0.00%,  0.00%,  0.00%, 0.00%,  0.00%,  0.00%, 0.00%,  4.79%,  3.70%, 17.86%, 13.94%,  5.66%,  4.79%,  3.49%,  4.14%,  0.00%,  6.97%,  1.74%,  4.14%,  3.92%, 17.65%,  4.14%,  3.05%,161218.61,13516.14,14655.27,162563.66,16,235,106.23,70,155,117.03,109,199,129.91, 0.00%, 31.58%,0.00%, 38.60%, 0.00%, 8.77%, 14.04%, 1.75%, 5.26%, 0.00%, 39.10%,0.00%, 37.72%, 1.04%, 4.15%, 11.42%, 2.08%, 4.50%, 0.00%, 36.00%,0.00%, 32.00%, 2.67%, 4.67%, 18.00%, 0.00%, 6.67%, 0.00%, 48.53%,0.00%, 13.24%, 10.29%, 3.68%, 6.62%, 6.62%, 11.03%,0.00%,0.0,80.0,35.1,6.6,95.2,0.0,1703.8,3.948,39
2,91,False,88, P-SLICE,27,32.0,101632,0,4.69,32.033,38.866,40.474,33.942,28, 23 21 19 16 , -, 0.00%,  0.00%,  0.00%, 0.00%,  0.00%,  0.00%, 0.00%,  0.00%,  0.03%, 0.10%,  0.03%,  0.65%, 0.00%,  0.00%,  0.14%,  3.08%,  3.19%,  8.22%, 10.11%, 28.40%, 26.38%,  0.00%,  0.17%,  0.86%,  5.65%,  0.00%,  0.51%,  2.98%,  9.49%,159188.96,13766.77,11135.19,241244.89,16,235,106.21,73,154,116.96,109,202,129.84, 0.00%, 0.00%,0.00%, 0.00%, 0.00%, 62.50%, 37.50%, 0.00%, 0.00%, 0.00%, 8.58%,0.00%, 30.04%, 21.46%, 14.59%, 14.16%, 5.58%, 5.58%, 0.15%, 17.30%,0.00%, 16.37%, 20.69%, 10.19%, 25.64%, 2.32%, 7.41%, 1.12%, 21.43%,0.00%, 15.03%, 25.12%, 4.61%, 18.96%, 2.79%, 10.98%,0.00%,0.1,110.7,87.1,8.1,282.3,0.0,1619.6,3.689,48
2,92,False,94, b-SLICE,28,34.0,6912,0,4.95,31.975,38.902,40.485,33.905,27, 27 25 ,29 31 , 0.00%,  0.00%,  0.00%, 0.00%,  0.00%,  0.00%, 0.00%,  0.00%,  0.00%, 0.00%,  0.00%,  0.00%, 0.00%,  4.35%,  4.14%, 16.77%, 14.49%,  4.35%,  3.93%,  4.35%,  6.83%,  0.00%,  5.59%,  2.90%,  3.11%,  3.11%, 17.18%,  4.97%,  3.93%,158535.67,13620.57,14680.73,160793.5,16,235,106.25,72,154,116.96,109,197,129.83, 0.00%, 26.79%,0.00%, 37.50%, 0.00%, 5.36%, 25.00%, 0.89%, 4.46%, 0.00%, 37.80%,0.00%, 34.71%, 3.44%, 2.92%, 13.23%, 2.06%, 5.84%, 0.00%, 48.72%,0.00%, 20.51%, 6.41%, 4.49%, 9.62%, 3.21%, 7.05%, 0.00%, 38.64%,0.00%, 15.91%, 7.95%, 5.11%, 13.07%, 3.98%, 15.34%,0.00%,0.0,98.7,32.0,8.1,87.9,0.0,1716.9,3.348,64
2,93,False,93, B-SLICE,29,33.0,14808,0,4.38,31.905,38.865,40.483,33.847,26, 27 25 21 ,31 , 0.00%,  0.00%,  0.00%, 0.00%,  0.00%,  0.00%, 0.00%,  0.00%,  0.00%, 0.00%,  0.00%,  0.00%, 0.00%,  1.40%,  1.64%,  9.82%, 14.15%,  8.30%,  6.67%, 11.11%, 11.11%,  0.00%,  2.92%,  4.91%,  5.73%,  1.17%,  7.37%,  5.15%,  8.54%,161432.05,13693.34,13668.05,168505.51,16,235,106.35,70,154,116.97,110,199,129.85, 0.00%, 27.78%,0.00%, 33.33%, 0.00%, 13.89%, 13.89%, 8.33%, 2.78%, 0.00%, 27.24%,0.00%, 32.20%, 3.10%, 11.15%, 20.74%, 1.55%, 4.02%, 0.00%, 40.19%,0.00%, 27.10%, 6.07%, 4.44%, 15.65%, 1.87%, 4.67%, 0.00%, 39.10%,0.00%, 21.15%, 9.29%, 5.45%, 9.29%, 3.85%, 11.86%,0.00%,0.0,99.3,67.4,11.4,130.9,0.0,1679.5,3.311,64
2,94,False,95, b-SLICE,30,34.0,4536,0,5.15,31.918,38.853,40.449,33.851,25, 29 27 25 ,31 , 0.00%,  0.00%,  0.00%, 0.00%,  0.00%,  0.00%, 0.00%,  0.00%,  0.00%, 0.00%,  0.00%,  0.00%, 0.00%,  6.27%,  4.76%, 19.30%, 10.78%,  1.75%,  2.51%,  3.01%,  4.51%,  0.00%,  6.77%,  1.50%,  1.75%,  5.01%, 23.31%,  5.01%,  3.76%,160586.34,13759.61,14191.96,161690.4,16,235,106.37,74,154,116.95,110,203,129.85, 0.00%, 31.25%,0.00%, 39.06%, 0.00%, 7.03%, 13.28%, 2.34%, 7.03%, 0.00%, 44.44%,0.00%, 37.78%, 1.85%, 2.41%, 8.33%, 0.74%, 4.44%, 0.00%, 60.47%,0.00%, 9.30%, 6.98%, 3.49%, 3.49%, 3.49%, 12.79%, 0.00%, 42.31%,0.00%, 15.38%, 7.69%, 0.96%, 0.96%, 8.65%, 24.04%,0.00%,0.0,71.7,32.0,8.1,80.4,0.0,1648.7,3.548,67
2,95,False,92, P-SLICE,31,32.0,91312,0,5.9,32.029,38.739,40.363,33.91,24, 27 25 23 21 , -, 0.00%,  0.00%,  0.00%, 0.00%,  0.00%,  0.00%, 0.00%,  0.00%,  0.00%, 0.07%,  0.00%,  0.67%, 0.00%,  0.11%,  0.11%,  2.81%,  3.93%,  6.81%,  8.39%, 27.79%, 29.86%,  0.00%,  0.14%,  0.88%,  2.84%,  0.04%,  0.60%,  3.51%, 11.47%,158665.23,14201.75,11768.1,227392.65,16,235,106.27,73,155,116.92,109,199,129.82, 0.00%, 14.29%,0.00%, 0.00%, 42.86%, 14.29%, 14.29%, 0.00%, 14.29%, 0.00%, 8.64%,0.00%, 26.34%, 18.93%, 13.58%, 22.22%, 3.29%, 7.00%, 0.00%, 22.40%,0.00%, 16.31%, 18.46%, 6.09%, 22.76%, 3.05%, 10.93%, 1.01%, 19.69%,0.00%, 13.27%, 24.95%, 4.03%, 20.00%, 3.11%, 13.92%,0.00%,0.1,79.9,85.7,6.6,248.7,0.0,1593.8,3.444,57
3,96,False,96, I-SLICE,0,29.0,550432,0,4.0,35.097,39.358,41.426,36.421,23,  -, -, 0.00%,  0.00%,  0.00%, 0.30%,  0.28%,  0.38%, 2.04%,  1.67%,  5.58%, 8.40%,  5.88%, 26.71%,48.76%,  0.00%,  0.00%,  0.00%,  0.00%,  0.00%,  0.00%,  0.00%,  0.00%,  0.00%,  0.00%,  0.00%,  0.00%,  0.00%,  0.00%,  0.00%,  0.00%,79335.32,12353.28,6482.67,1111610.03,16,235,106.51,74,154,116.95,108,202,129.88, 0.00%, 0.00%,0.00%, 0.00%, 0.00%, 0.00%, 0.00%, 0.00%, 0.00%, 64.71%, 0.00%,0.00%, 35.29%, 0.00%, 0.00%, 0.00%, 0.00%, 0.00%, 100.00%, 0.00%,0.00%, 0.00%, 0.00%, 0.00%, 0.00%, 0.00%, 0.00%, 100.00%, 0.00%,0.00%, 0.00%, 0.00%, 0.00%, 0.00%, 0.00%, 0.00%,100.00%,0.0,0.0,241.3,0.0,798.3,0.0,1719.1,3.741,43
3,97,False,99, b-SLICE,1,34.0,5624,0,5.27,33.761,39.253,41.222,35.38,22, 0 ,2 4 , 0.00%,  0.00%,  0.00%, 0.00%,  0.00%,  0.00%, 0.00%,  0.00%,  0.00%, 0.00%,  0.00%,  0.00%, 0.00%,  0.48%,  1.11%,  9.05%, 16.51%,  2.38%,  5.40%,  3.17%,  5.40%,  0.00%,  6.35%,  2.70%,  3.81%,  0.48%, 36.03%,  4.92%,  2.22%,105233.19,12125.64,9302.56,106871.74,16,235,106.43,70,155,116.91,109,199,129.85, 0.00%, 23.08%,0.00%, 23.08%, 0.00%, 11.54%, 34.62%, 3.85%, 3.85%, 0.00%, 58.30%,0.00%, 18.34%, 0.66%, 4.26%, 10.15%, 2.07%, 6.22%, 0.00%, 49.48%,0.00%, 15.46%, 0.00%, 2.58%, 7.73%, 11.86%, 12.89%, 0.00%, 41.30%,0.00%, 18.48%, 3.26%, 3.26%, 10.87%, 4.35%, 18.48%,0.00%,0.0,177.2,24.2,5.6,77.2,0.0,1748.4,3.637,64
3,98,False,98, B-SLICE,2,33.0,18576,0,4.07,33.413,39.31,41.315,35.138,21, 0 ,4 , 0.00%,  0.00%,  0.00%, 0.00%,  0.00%,  0.00%, 0.00%,  0.00%,  0.00%, 0.00%,  0.00%,  0.00%, 0.00%,  0.28%,  0.46%,  8.56%, 16.67%,  9.21%,  8.66%,  8.56%, 12.89%,  0.00%,  2.21%,  3.50%,  2.85%,  0.00%,  6.72%,  9.48%,  9.94%,114311.57,11928.37,9870.04,124424.7,16,235,106.73,70,154,116.93,109,197,129.92, 0.00%, 0.00%,0.00%, 37.50%, 0.00%, 12.50%, 25.00%, 18.75%, 6.25%, 0.00%, 24.19%,0.00%, 28.18%, 2.49%, 17.46%, 22.44%, 2.00%, 3.24%, 0.00%, 42.09%,0.00%, 23.88%, 5.97%, 5.22%, 12.09%, 2.54%, 8.21%, 0.00%, 37.37%,0.00%, 15.86%, 9.14%, 4.30%, 10.75%, 7.12%, 15.46%,0.00%,0.0,148.3,35.3,9.2,97.5,0.0,1706.1,2.963,65
3,99,True,100, b-SLICE,3,34.0,9216,0,4.87,33.011,39.181,41.102,34.794,20, 2 0 ,4 , 0.00%,  0.00%,  0.00%, 0.00%,  0.00%,  0.00%, 0.00%,  0.00%,  0.00%, 0.00%,  0.00%,  0.00%, 0.00%,  2.52%,  2.83%, 18.08%, 13.52%,  6.45%,  5.35%,  5.35%,  7.08%,  0.00%,  5.19%,  2.04%,  4.25%,  1.26%,  9.75%,  9.12%,  7.23%,124925.79,12382.03,11527.95,128871.1,16,235,106.71,72,153,116.89,110,200,129.89, 0.00%, 19.05%,0.00%, 38.10%, 0.00%, 9.52%, 26.19%, 2.38%, 4.76%, 0.00%, 29.14%,0.00%, 41.41%, 3.07%, 5.52%, 14.42%, 2.15%, 4.29%, 0.00%, 48.63%,0.00%, 22.60%, 5.48%, 3.08%, 9.93%, 2.40%, 7.88%, 0.00%, 48.03%,0.00%, 17.76%, 4.61%, 2.30%, 7.57%, 4.28%, 15.46%,0.00%,0.0,177.2,28.7,5.6,91.1,0.0,1726.0,3.504,60
3,100,False,97, P-SLICE,4,32.0,67640,0,3.92,33.178,39.284,41.246,34.95,19, 0 , -, 0.00%,  0.00%,  0.00%, 0.00%,  0.03%,  0.00%, 0.07%,  0.03%,  0.24%, 0.35%,  0.28%,  0.73%, 0.00%,  0.00%,  0.07%,  2.19%,  2.51%,  8.05%, 17.73%, 17.87%, 24.03%,  0.00%,  0.21%,  2.93%,  5.68%,  0.00%,  0.28%,  4.77%, 11.95%,122854.61,12062.47,8330.36,194064.56,16,235,106.83,71,154,116.89,109,199,129.96, 0.00%, 0.00%,0.00%, 0.00%, 0.00%, 50.00%, 50.00%, 0.00%, 0.00%, 0.56%, 7.78%,0.00%, 37.22%, 14.44%, 15.28%, 13.61%, 5.56%, 5.56%, 1.03%, 22.76%,0.00%, 12.05%, 11.74%, 18.90%, 25.70%, 3.81%, 4.02%, 2.23%, 28.95%,0.00%, 13.84%, 15.50%, 6.98%, 17.22%, 5.03%, 10.24%,0.00%,52.9,94.1,66.7,32.6,165.1,0.0,1620.5,3.348,34
3,101,False,103, b-SLICE,5,34.0,9432,0,4.77,32.785,39.19,41.019,34.615,18, 4 2 ,6 7 , 0.00%,  0.00%,  0.00%, 0.00%,  0.00%,  0.00%, 0.00%,  0.00%,  0.00%, 0.00%,  0.00%,  0.00%, 0.00%,  1.27%,  3.33%, 14.76%, 18.89%,  6.35%,  6.03%,  5.24%,  5.87%,  0.00%,  3.81%,  2.22%,  2.22%,  1.90%, 10.16%,  9.05%,  8.89%,131729.52,12459.53,11472.36,136102.12,16,235,106.8,72,154,116.88,110,200,130.0, 0.00%, 29.27%,0.00%, 14.63%, 4.88%, 18.29%, 18.29%, 9.76%, 4.88%, 0.00%, 26.67%,0.00%, 34.55%, 2.73%, 7.42%, 20.15%, 3.33%, 5.15%, 0.00%, 47.65%,0.00%, 22.15%, 4.70%, 1.34%, 11.41%, 3.69%, 9.06%, 0.00%, 50.00%,0.00%, 16.43%, 7.14%, 2.50%, 9.64%, 2.14%, 12.14%,0.00%,0.0,76.3,31.9,6.1,102.8,0.0,1714.6,3.696,62
3,102,False,102, B-SLICE,6,33.0,13120,0,4.27,32.704,39.284,41.177,34.586,17, 4 2 0 ,7 , 0.00%,  0.00%,  0.00%, 0.00%,  0.00%,  0.00%, 0.00%,  0.00%,  0.00%, 0.00%,  0.00%,  0.00%, 0.00%,  1.01%,  1.91%, 11.45%, 13.36%,  9.32%,  8.87%, 10.10%,  9.09%,  0.00%,  2.81%,  3.14%,  3.14%,  0.00%,  8.64%,  8.08%,  9.09%,134355.56,12122.19,11180.6,139364.94,16,235,107.21,72,155,116.86,109,198,130.04, 0.00%, 0.00%,0.00%, 30.77%, 3.85%, 19.23%, 30.77%, 7.69%, 7.69%, 0.00%, 28.90%,0.00%, 34.28%, 3.12%, 9.63%, 14.16%, 3.26%, 6.66%, 0.00%, 38.17%,0.00%, 24.81%, 6.87%, 5.15%, 11.26%, 3.24%, 10.50%, 0.00%, 38.93%,0.00%, 21.07%, 11.07%, 6.43%, 7.50%, 3.57%, 11.43%,0.00%,0.0,66.2,39.9,11.5,115.3,0.0,1664.0,3.378,64
3,103,False,101, P-SLICE,7,32.0,72952,0,4.9,32.891,39.143,41.072,34.695,16, 4 2 0 , -, 0.00%,  0.00%,  0.00%, 0.00%,  0.00%,  0.04%, 0.00%,  0.00%,  0.35%, 0.16%,  0.35%,  0.90%, 0.00%,  0.00%,  0.08%,  3.13%,  5.13%,  8.11%, 12.97%, 22.95%, 23.42%,  0.00%,  0.20%,  1.65%,  4.97%,  0.00%,  0.31%,  4.43%, 10.85%,130412.3,12503.93,9465.3,195435.1,16,235,107.17,72,155,116.82,109,201,130.02, 0.00%, 0.00%,0.00%, 0.00%, 0.00%, 75.00%, 25.00%, 0.00%, 0.00%, 0.39%, 5.10%,0.00%, 28.24%, 14.90%, 21.37%, 15.88%, 6.67%, 7.45%, 1.28%, 22.08%,0.00%, 15.67%, 13.82%, 13.25%, 25.50%, 3.56%, 4.84%, 2.22%, 24.88%,0.00%, 19.33%, 16.75%, 5.82%, 16.59%, 3.82%, 10.59%,0.00%,0.2,39.3,63.6,5.6,190.6,0.0,1636.4,3.533,63
3,104,False,106, b-SLICE,8,34.0,9368,0,4.28,32.386,39.273,41.123,34.339,15, 7 6 ,9 11 , 0.00%,  0.00%,  0.00%, 0.00%,  0.00%,  0.00%, 0.00%,  0.00%,  0.00%, 0.00%,  0.00%,  0.00%, 0.00%,  2.95%,  3.72%, 15.50%, 12.09%, 10.08%,  6.67%,  6.67%,  7.29%,  0.00%,  4.03%,  4.50%,  5.27%,  0.93%,  8.68%,  6.05%,  5.58%,144160.91,12200.59,13154.79,147595.36,16,235,107.46,67,153,116.84,109,198,130.09, 0.00%, 12.24%,0.00%, 36.73%, 2.04%, 15.31%, 19.39%, 8.16%, 6.12%, 0.00%, 28.28%,0.00%, 44.14%, 0.69%, 5.52%, 13.10%, 3.10%, 5.17%, 0.00%, 38.64%,0.00%, 31.82%, 5.11%, 3.41%, 5.68%, 4.83%, 10.51%, 0.00%, 43.75%,0.00%, 18.12%, 8.75%, 5.00%, 7.50%, 4.38%, 12.50%,0.00%,0.0,133.7,29.7,8.4,89.5,0.0,1738.4,3.593,66
3,105,False,105, B-SLICE,9,33.0,26288,0,4.88,32.542,39.165,41.035,34.432,14, 7 6 2 ,11 , 0.00%,  0.00%,  0.00%, 0.00%,  0.00%,  0.00%, 0.00%,  0.00%,  0.00%, 0.00%,  0.00%,  0.00%, 0.00%,  0.63%,  0.47%, 10.93%, 10.30%, 12.58%,  9.83%, 17.22%, 11.95%,  0.00%,  1.73%,  3.77%,  4.80%,  0.08%,  1.89%,  5.35%,  8.49%,139634.93,12483.12,12393.11,154231.92,16,235,107.34,70,155,116.8,109,200,130.06, 0.00%, 6.67%,0.00%, 53.33%, 0.00%, 16.67%, 10.00%, 6.67%, 6.67%, 0.00%, 13.29%,0.00%, 45.66%, 3.18%, 16.91%, 12.57%, 3.32%, 5.06%, 0.00%, 28.93%,0.00%, 34.91%, 4.99%, 8.35%, 14.84%, 2.74%, 5.24%, 0.00%, 31.30%,0.00%, 25.93%, 14.63%, 4.81%, 8.89%, 4.54%, 9.91%,0.00%,0.0,126.1,51.8,16.8,150.6,0.0,1685.6,3.348,65
3,106,False,107, b-SLICE,10,34.0,7912,0,4.39,32.373,39.237,41.104,34.322,13, 9 7 6 ,11 , 0.00%,  0.00%,  0.00%, 0.00%,  0.00%,  0.00%, 0.00%,  0.00%,  0.00%, 0.00%,  0.00%,  0.00%, 0.00%,  2.21%,  3.40%, 13.61%, 17.69%,  5.78%,  5.27%,  5.44%,  7.31%,  0.00%,  4.59%,  2.72%,  4.42%,  2.38%, 12.24%,  6.97%,  5.95%,144801.04,12282.01,12643.33,148595.24,16,235,107.59,71,153,116.82,110,202,130.12, 0.00%, 29.79%,0.00%, 27.66%, 0.00%, 11.70%, 22.34%, 6.38%, 2.13%, 0.00%, 31.63%,0.00%, 33.55%, 1.60%, 9.11%, 13.26%, 3.04%, 7.83%, 0.00%, 46.72%,0.00%, 22.95%, 4.92%, 2.87%, 6.15%, 3.28%, 13.11%, 0.00%, 44.85%,0.00%, 18.38%, 5.15%, 5.88%, 10.29%, 4.04%, 11.40%,0.00%,0.0,107.8,29.7,8.4,90.6,0.0,1679.0,3.83,50
3,107,False,104, P-SLICE,11,32.0,106400,0,5.03,32.636,39.116,41.065,34.5,12, 7 6 4 2 , -, 0.00%,  0.00%,  0.00%, 0.00%,  0.00%,  0.03%, 0.07%,  0.10%,  0.37%, 0.40%,  0.34%,  1.59%, 0.00%,  0.07%,  0.07%,  2.43%,  3.91%,  9.65%, 10.29%, 28.34%, 24.97%,  0.00%,  0.03%,  1.05%,  6.38%,  0.00%,  0.13%,  1.35%,  8.43%,138808.51,12574.74,10230.57,249042.61,16,235,107.55,68,153,116.78,109,202,130.08, 0.00%, 0.00%,0.00%, 25.00%, 25.00%, 12.50%, 12.50%, 25.00%, 0.00%, 0.45%, 2.23%,0.00%, 29.02%, 16.52%, 25.67%, 13.62%, 8.93%, 3.57%, 2.36%, 10.47%,0.00%, 28.61%, 13.57%, 17.40%, 17.70%, 5.16%, 4.72%, 3.30%, 21.02%,0.00%, 21.70%, 18.53%, 6.37%, 15.85%, 3.98%, 9.24%,0.00%,0.1,58.5,91.5,6.1,279.2,0.0,1620.0,3.622,62
3,108,True,110, b-SLICE,12,34.0,7968,0,4.32,32.257,39.216,41.066,34.228,11, 11 9 ,13 15 , 0.00%,  0.00%,  0.00%, 0.00%,  0.00%,  0.00%, 0.00%,  0.00%,  0.00%, 0.00%,  0.00%,  0.00%, 0.00%,  4.50%,  2.88%, 19.10%, 14.95%,  5.77%,  4.14%,  5.95%,  5.95%,  0.00%,  4.32%,  4.32%,  3.06%,  1.80%, 10.27%,  6.31%,  6.67%,148538.64,12361.74,13763.76,151348.58,16,235,107.8,73,154,116.78,109,199,130.14, 0.00%, 19.61%,0.00%, 47.06%, 1.96%, 13.73%, 11.76%, 1.96%, 3.92%, 0.00%, 27.00%,0.00%, 43.67%, 1.67%, 6.83%, 10.17%, 3.33%, 7.33%, 0.00%, 51.75%,0.00%, 24.56%, 3.51%, 4.82%, 5.70%, 2.19%, 7.46%, 0.00%, 45.00%,0.00%, 19.17%, 8.33%, 4.58%, 10.42%, 4.58%, 7.92%,0.00%,0.0,104.3,27.8,7.2,95.2,0.0,1782.8,4.0,45
3,109,False,109, B-SLICE,13,33.0,21416,0,5.24,32.417,39.114,41.016,34.329,10, 11 9 6 ,15 , 0.00%,  0.00%,  0.00%, 0.00%,  0.00%,  0.00%, 0.00%,  0.00%,  0.00%, 0.00%,  0.00%,  0.00%, 0.00%,  0.92%,  0.65%, 10.71%, 12.19%, 12.00%,  8.86%, 12.00%, 11.54%,  0.00%,  1.57%,  4.06%,  3.42%,  0.18%,  5.17%,  7.85%,  8.86%,143655.49,12596.2,13162.52,155543.82,16,235,107.73,71,154,116.73,110,197,130.11, 0.00%, 10.53%,0.00%, 52.63%, 0.00%, 15.79%, 21.05%, 0.00%, 0.00%, 0.00%, 20.80%,0.00%, 38.75%, 2.85%, 11.68%, 15.38%, 1.85%, 8.69%, 0.00%, 36.34%,0.00%, 31.55%, 5.07%, 5.49%, 10.56%, 2.68%, 8.31%, 0.00%, 34.28%,0.00%, 22.68%, 10.82%, 5.41%, 11.60%, 4.51%, 10.70%,0.00%,0.0,90.7,53.9,20.9,128.0,0.0,1706.7,2.674,56
3,110,False,111, b-SLICE,14,34.0,7120,0,4.32,32.246,39.243,41.137,34.232,9, 13 11 9 ,15 , 0.00%,  0.00%,  0.00%, 0.00%,  0.00%,  0.00%, 0.00%,  0.00%,  0.00%, 0.00%,  0.00%,  0.00%, 0.00%,  2.62%,  4.12%, 13.48%, 15.92%,  4.31%,  4.87%,  5.99%,  5.06%,  0.00%,  5.06%,  2.62%,  2.06%,  3.00%, 16.10%,  6.93%,  7.87%,149210.21,12235.61,12632.34,151898.35,16,235,108.22,74,155,116.8,109,197,130.25, 0.00%, 30.77%,0.00%, 26.92%, 0.00%, 23.08%, 17.31%, 0.96%, 0.96%, 0.00%, 37.67%,0.00%, 32.00%, 2.00%, 5.83%, 12.17%, 3.67%, 6.67%, 0.00%, 51.00%,0.00%, 20.00%, 3.00%, 4.00%, 8.00%, 1.50%, 12.50%, 0.00%, 47.32%,0.00%, 17.86%, 10.71%, 4.02%, 5.80%, 3.57%, 10.71%,0.00%,0.0,83.9,27.9,7.2,84.0,0.0,1688.2,3.941,43
3,111,False,108, P-SLICE,15,32.0,114280,0,5.3,32.494,39.032,41.02,34.377,8, 11 9 7 6 , -, 0.00%,  0.00%,  0.00%, 0.00%,  0.00%,  0.00%, 0.21%,  0.00%,  0.52%, 0.21%,  0.34%,  1.27%, 0.00%,  0.03%,  0.03%,  2.65%,  3.89%, 10.56%,  9.87%, 29.41%, 24.46%,  0.00%,  0.10%,  1.17%,  3.75%,  0.00%,  0.34%,  1.55%,  9.63%,143659.07,12852.64,10485.9,267997.15,16,235,108.23,73,154,116.69,110,200,130.17, 0.00%, 0.00%,0.00%, 0.00%, 50.00%, 0.00%, 0.00%, 50.00%, 0.00%, 0.00%, 5.58%,0.00%, 27.04%, 18.88%, 29.83%, 10.09%, 5.36%, 3.22%, 3.03%, 11.38%,0.00%, 23.78%, 20.46%, 16.21%, 16.79%, 3.89%, 4.47%, 2.64%, 19.41%,0.00%, 20.61%, 22.06%, 5.79%, 15.54%, 4.04%, 9.98%,0.00%,0.1,82.6,91.2,8.4,278.1,0.0,1610.6,3.556,56
3,112,False,114, b-SLICE,16,34.0,7544,0,4.52,32.248,39.174,41.099,34.22,7, 15 13 ,17 19 , 0.00%,  0.00%,  0.00%, 0.00%,  0.00%,  0.00%, 0.00%,  0.00%,  0.00%, 0.00%,  0.00%,  0.00%, 0.00%,  3.18%,  3.56%, 17.98%, 13.86%,  7.30%,  6.93%,  5.62%,  4.49%,  0.00%,  3.93%,  3.75%,  3.00%,  3.37%, 12.17%,  5.99%,  4.87%,148847.72,12396.4,13666.72,151317.21,16,235,108.64,70,154,116.67,110,199,130.2, 0.00%, 33.33%,0.00%, 31.48%, 0.00%, 8.33%, 21.30%, 0.93%, 4.63%, 0.00%, 30.07%,0.00%, 41.96%, 2.10%, 4.90%, 13.29%, 2.45%, 5.24%, 0.00%, 40.62%,0.00%, 26.56%, 3.91%, 3.52%, 11.33%, 3.52%, 10.55%, 0.00%, 43.75%,0.00%, 21.87%, 9.37%, 2.60%, 6.77%, 4.17%, 11.46%,0.00%,0.0,99.6,29.0,6.5,96.0,0.0,1768.5,3.593,64
3,113,False,113, B-SLICE,17,33.0,20056,0,4.99,32.384,39.051,40.996,34.294,6, 15 13 9 ,19 , 0.00%,  0.00%,  0.00%, 0.00%,  0.00%,  0.00%, 0.00%,  0.00%,  0.00%, 0.00%,  0.00%,  0.00%, 0.00%,  1.06%,  0.87%, 10.40%, 12.91%, 10.60%,  9.34%, 12.81%, 12.62%,  0.00%,  1.93%,  2.50%,  2.99%,  0.39%,  4.53%,  8.86%,  8.19%,144583.75,12729.25,13386.11,155168.26,16,235,108.57,70,153,116.63,110,198,130.17, 0.00%, 16.67%,0.00%, 45.83%, 0.00%, 0.00%, 37.50%, 0.00%, 0.00%, 0.00%, 19.76%,0.00%, 37.46%, 3.24%, 7.82%, 22.57%, 1.92%, 7.23%, 0.00%, 36.31%,0.00%, 26.77%, 7.08%, 4.00%, 13.85%, 1.85%, 10.15%, 0.00%, 30.53%,0.00%, 23.16%, 11.84%, 6.71%, 10.66%, 4.87%, 12.24%,0.00%,0.0,92.2,44.9,18.5,122.2,0.0,1745.9,3.207,47
3,114,False,115, b-SLICE,18,34.0,6416,0,4.3,32.143,39.125,41.017,34.125,5, 17 15 13 ,19 , 0.00%,  0.00%,  0.00%, 0.00%,  0.00%,  0.00%, 0.00%,  0.00%,  0.00%, 0.00%,  0.00%,  0.00%, 0.00%,  2.81%,  4.87%,  9.93%, 13.11%,  6.18%,  5.43%,  5.43%,  6.74%,  0.00%,  3.56%,  4.12%,  4.49%,  2.43%, 22.10%,  4.49%,  4.31%,152713.75,12573.84,13121.86,154540.43,16,235,109.16,75,153,116.62,110,198,130.23, 0.00%, 24.07%,0.00%, 24.07%, 3.70%, 17.59%, 25.00%, 0.00%, 5.56%, 0.00%, 47.24%,0.00%, 26.55%, 2.07%, 5.52%, 8.97%, 2.59%, 7.07%, 0.00%, 42.59%,0.00%, 27.78%, 2.78%, 4.63%, 9.26%, 2.31%, 10.65%, 0.00%, 41.96%,0.00%, 18.75%, 7.14%, 3.12%, 8.48%, 4.91%, 15.62%,0.00%,0.0,79.7,31.1,6.6,102.2,0.0,1768.3,3.622,60
3,115,False,112, P-SLICE,19,32.0,102688,0,4.71,32.458,38.976,40.931,34.332,4, 15 13 11 9 , -, 0.00%,  0.00%,  0.00%, 0.00%,  0.00%,  0.03%, 0.14%,  0.03%,  0.10%, 0.03%,  0.14%,  0.73%, 0.00%,  0.03%,  0.14%,  2.78%,  3.62%,  9.88%, 10.61%, 27.45%, 26.20%,  0.00%,  0.10%,  1.77%,  6.05%,  0.00%,  0.10%,  1.88%,  8.14%,144153.41,13043.07,10948.13,239350.12,16,235,109.18,74,154,116.56,110,199,130.18, 0.00%, 0.00%,0.00%, 0.00%, 20.00%, 70.00%, 10.00%, 0.00%, 0.00%, 0.45%, 2.71%,0.00%, 28.96%, 20.81%, 24.66%, 10.18%, 5.88%, 6.33%, 1.14%, 14.96%,0.00%, 22.22%, 18.23%, 14.39%, 20.09%, 3.92%, 5.06%, 1.32%, 20.65%,0.00%, 19.13%, 20.80%, 5.24%, 17.54%, 3.82%, 11.51%,0.00%,0.1,83.8,91.3,7.3,271.0,0.0,1660.1,3.444,59
3,116,False,118, b-SLICE,20,34.0,8976,0,4.13,32.136,39.12,40.923,34.107,3, 19 17 ,21 23 , 0.00%,  0.00%,  0.00%, 0.00%,  0.00%,  0.00%, 0.00%,  0.00%,  0.00%, 0.00%,  0.00%,  0.00%, 0.00%,  2.21%,  3.48%, 15.01%, 12.95%,  8.06%,  5.69%,  4.11%,  7.58%,  0.00%,  2.84%,  3.95%,  3.79%,  1.74%, 11.85%,  9.48%,  7.27%,152860.7,12691.71,14163.37,156268.47,16,235,109.96,70,154,116.55,109,199,130.26, 0.00%, 23.40%,0.00%, 25.53%, 4.26%, 9.57%, 26.60%, 4.26%, 6.38%, 0.00%, 31.00%,0.00%, 37.33%, 4.33%, 5.50%, 13.83%, 1.83%, 6.17%, 0.00%, 49.42%,0.00%, 26.74%, 2.91%, 2.91%, 8.14%, 1.45%, 8.43%, 0.00%, 48.61%,0.00%, 8.33%, 9.72%, 3.82%, 9.38%, 4.17%, 15.97%,0.00%,0.0,100.4,30.5,9.1,101.3,0.0,1763.8,3.763,50
3,117,True,117, B-SLICE,21,33.0,22112,0,4.51,32.279,38.983,40.826,34.185,2, 19 17 13 ,23 , 0.00%,  0.00%,  0.00%, 0.00%,  0.00%,  0.00%, 0.00%,  0.00%,  0.00%, 0.00%,  0.00%,  0.00%, 0.00%,  1.14%,  0.66%, 10.73%, 12.63%, 12.44%,  9.02%, 11.21%, 11.68%,  0.00%,  1.61%,  3.13%,  4.27%,  0.28%,  5.03%,  6.46%,  9.69%,148197.24,13050.9,13744.65,162472.16,16,235,110.24,67,154,116.45,105,204,130.22, 0.00%, 13.64%,0.00%, 50.00%, 4.55%, 2.27%, 25.00%, 2.27%, 2.27%, 0.00%, 20.23%,0.00%, 31.79%, 9.54%, 8.53%, 20.66%, 1.88%, 7.37%, 0.00%, 30.89%,0.00%, 31.50%, 8.56%, 2.91%, 14.22%, 2.14%, 9.79%, 0.00%, 37.89%,0.00%, 18.56%, 11.86%, 7.09%, 9.92%, 3.74%, 10.95%,0.00%,0.0,85.8,48.3,13.9,140.3,0.0,1711.1,3.341,55
3,118,False,119, b-SLICE,22,34.0,7984,0,4.0,31.974,39.002,40.891,33.967,1, 21 19 17 ,23 , 0.00%,  0.00%,  0.00%, 0.00%,  0.00%,  0.00%, 0.00%,  0.00%,  0.00%, 0.00%,  0.00%,  0.00%, 0.00%,  1.76%,  4.23%, 11.82%, 12.52%,  8.47%,  5.11%,  5.29%,  7.76%,  0.00%,  4.23%,  3.00%,  1.06%,  3.53%, 15.70%,  8.47%,  7.05%,158835.47,12938.96,13267.72,162462.65,16,235,111.07,73,153,116.43,110,200,130.3, 0.00%, 37.04%,0.00%, 12.96%, 5.56%, 12.04%, 23.15%, 3.70%, 5.56%, 0.00%, 40.21%,0.00%, 33.10%, 1.42%, 6.76%, 12.81%, 1.07%, 4.63%, 0.00%, 45.77%,0.00%, 28.87%, 4.93%, 2.46%, 8.10%, 2.82%, 7.04%, 0.00%, 38.33%,0.00%, 14.17%, 10.83%, 5.00%, 6.67%, 5.83%, 19.17%,0.00%,0.0,78.7,31.9,9.1,102.5,0.0,1731.1,3.437,48
3,119,False,116, P-SLICE,23,32.0,108232,0,4.77,32.342,38.869,40.832,34.219,0, 19 17 15 13 , -, 0.00%,  0.00%,  0.00%, 0.00%,  0.00%,  0.00%, 0.15%,  0.00%,  0.30%, 0.18%,  0.22%,  0.70%, 0.00%,  0.07%,  0.15%,  3.44%,  4.70%,  8.44%,  8.69%, 29.37%, 25.60%,  0.00%,  0.11%,  1.00%,  5.51%,  0.00%,  0.11%,  2.26%,  8.99%,148480.35,13672.4,10851.75,252158.12,16,235,111.14,70,153,116.36,107,202,130.26, 0.00%, 0.00%,0.00%, 16.67%, 16.67%, 50.00%, 0.00%, 16.67%, 0.00%, 0.00%, 2.34%,0.00%, 24.22%, 23.83%, 25.00%, 11.72%, 6.84%, 6.05%, 2.13%, 15.63%,0.00%, 15.81%, 24.69%, 12.61%, 18.47%, 3.73%, 6.93%, 1.57%, 20.55%,0.00%, 17.92%, 23.69%, 4.90%, 14.96%, 4.11%, 12.29%,0.00%,0.1,79.5,86.2,6.7,238.6,0.0,1676.1,3.281,67
