Encode Order, Type, POC, QP, Bits, Scenecut, I/P cost ratio, Y PSNR, U PSNR, V PSNR, YUV PSNR, Latency, List 0, List 1, Intra 64x64 DC, Intra 64x64 Planar, Intra 64x64 Ang, Intra 32x32 DC, Intra 32x32 Planar, Intra 32x32 Ang, Intra 16x16 DC, Intra 16x16 Planar, Intra 16x16 Ang, Intra 8x8 DC, Intra 8x8 Planar, Intra 8x8 Ang, 4x4, Inter 64x64, Inter 64x64 (Rect), Inter 32x32, Inter 32x32 (Rect), Inter 16x16, Inter 16x16 (Rect), Inter 8x8, Inter 8x8 (Rect), Skip 64x64, Skip 32x32, Skip 16x16, Skip 8x8, Merge 64x64, Merge 32x32, Merge 16x16, Merge 8x8, Avg Luma Distortion, Avg Chroma Distortion, Avg psyEnergy, Avg Residual Energy, Min Luma Level, Max Luma Level, Avg Luma Level, Min Cb Level, Max Cb Level, Avg Cb Level, Min Cr Level, Max Cr Level, Avg Cr Level, Intra 64x64, Skip 64x64, AMP 64, Inter 64x64, Merge 64x64, Inter 64x32, Merge 64x32, Inter 32x64, Merge 32x64, Intra 32x32, Skip 32x32, AMP 32, Inter 32x32, Merge 32x32, Inter 32x16, Merge 32x16, Inter 16x32, Merge 16x32, Intra 16x16, Skip 16x16, AMP 16, Inter 16x16, Merge 16x16, Inter 16x8, Merge 16x8, Inter 8x16, Merge 8x16, Intra 8x8, Skip 8x8, AMP 8, Inter 8x8, Merge 8x8, Inter 8x4, Merge 8x4, Inter 4x8, Merge 4x8, 4x4, DecideWait (ms), Row0Wait (ms), Wall time (ms), Ref Wait Wall (ms), Total CTU time (ms),Stall Time (ms), Total frame time (ms), Avg WPP, Row Blocks
0, I-SLICE,    0, 29.00,     321224, 0,0.00,37.182, 39.553, 40.960, 37.951,55,  -, -, 0.00%,  0.00%,  0.00%, 0.31%,  0.00%,  0.87%, 1.44%,  0.50%,  5.41%, 5.41%,  2.60%, 34.36%,49.09%,  0.00%,  0.00%,  0.00%,  0.00%,  0.00%,  0.00%,  0.00%,  0.00%,  0.00%,  0.00%,  0.00%,  0.00%,  0.00%,  0.00%,  0.00%,  0.00%, 49824.93, 12847.16, 4655.39, 459981.07 , 16, 235, 100.26, 83, 201, 116.44, 78, 167, 137.48, 0.00%, 0.00%,0.00%, 0.00%, 0.00%, 0.00%, 0.00%, 0.00%, 0.00%, 69.70%, 0.00%,0.00%, 30.30%, 0.00%, 0.00%, 0.00%, 0.00%, 0.00%, 100.00%, 0.00%,0.00%, 0.00%, 0.00%, 0.00%, 0.00%, 0.00%, 0.00%, 100.00%, 0.00%,0.00%, 0.00%, 0.00%, 0.00%, 0.00%, 0.00%, 0.00%,100.00%, 290.9, 0.1, 189.5, 0.0, 518.7, 0.0, 381.9, 3.230, 28
1, P-SLICE,    5, 32.00,      69864, 0,3.60,35.068, 39.077, 40.683, 36.271,51, 0 , -, 0.00%,  0.00%,  0.00%, 0.00%,  0.00%,  0.07%, 0.26%,  0.00%,  0.85%, 0.23%,  0.26%,  3.36%, 0.00%,  0.07%,  0.00%,  2.48%,  2.05%, 13.16%,  9.42%, 31.77%, 17.60%,  0.00%,  0.00%,  2.44%,  6.19%,  0.00%,  0.39%,  2.87%,  6.55%, 81251.36, 13136.15, 5496.95, 149811.53 , 16, 235, 99.74, 84, 202, 116.43, 79, 167, 137.47, 0.00%, 0.00%,0.00%, 50.00%, 50.00%, 0.00%, 0.00%, 0.00%, 0.00%, 1.09%, 6.56%,0.00%, 36.61%, 21.31%, 6.83%, 5.19%, 16.94%, 5.46%, 3.82%, 18.31%,0.00%, 24.61%, 20.79%, 6.97%, 5.39%, 11.01%, 9.10%, 5.83%, 19.32%,0.00%, 24.21%, 23.96%, 5.06%, 7.19%, 4.79%, 9.63%,0.00%, 325.6, 85.9, 117.0, 63.8, 202.1, 7.4, 414.1, 2.615, 22
2, B-SLICE,    3, 33.00,      28296, 0,3.56,35.273, 39.272, 40.868, 36.473,54, 0 ,5 , 0.00%,  0.00%,  0.00%, 0.00%,  0.00%,  0.00%, 0.00%,  0.00%,  0.00%, 0.00%,  0.00%,  0.00%, 0.00%,  0.19%,  0.13%, 10.25%,  4.11%, 14.17%,  6.01%, 17.77%, 17.14%,  0.00%,  1.96%,  3.92%,  6.20%,  0.19%,  3.54%,  4.68%,  9.74%, 75362.57, 12493.24, 6378.84, 88846.93 , 16, 235, 99.88, 82, 203, 116.41, 76, 166, 137.48, 0.00%, 37.50%,0.00%, 37.50%, 0.00%, 0.00%, 0.00%, 12.50%, 12.50%, 0.00%, 25.29%,0.00%, 53.78%, 2.03%, 2.18%, 3.63%, 4.65%, 8.43%, 0.00%, 29.89%,0.00%, 43.96%, 5.27%, 3.52%, 6.37%, 4.18%, 6.81%, 0.00%, 31.34%,0.00%, 21.89%, 13.06%, 7.40%, 10.14%, 5.66%, 10.51%,0.00%, 328.8, 174.4, 62.8, 23.2, 136.3, 0.0, 455.7, 2.733, 25
3, b-SLICE,    1, 34.00,      11616, 0,3.65,35.507, 39.380, 40.924, 36.668,57, 0 ,3 5 , 0.00%,  0.00%,  0.00%, 0.00%,  0.00%,  0.00%, 0.00%,  0.00%,  0.00%, 0.00%,  0.00%,  0.00%, 0.00%,  0.76%,  0.33%, 13.62%, 12.31%,  8.17%, 10.13%,  6.21%, 11.00%,  0.00%,  4.47%,  4.14%,  5.01%,  0.33%, 10.35%,  7.08%,  6.10%, 71138.48, 12246.47, 5943.31, 74336.21 , 16, 235, 100.19, 84, 205, 116.42, 77, 167, 137.50, 0.00%, 23.08%,0.00%, 53.85%, 0.00%, 0.00%, 7.69%, 3.85%, 11.54%, 0.00%, 33.66%,0.00%, 35.64%, 2.72%, 5.94%, 7.43%, 6.06%, 8.54%, 0.00%, 38.01%,0.00%, 21.77%, 5.90%, 5.72%, 10.89%, 6.64%, 11.07%, 0.00%, 39.23%,0.00%, 14.62%, 7.31%, 4.81%, 11.35%, 4.81%, 17.88%,0.00%, 331.8, 210.7, 53.6, 22.5, 103.2, 0.0, 492.8, 2.489, 36
4, b-SLICE,    2, 34.00,      13856, 0,3.55,35.283, 39.351, 40.981, 36.504,57, 0 ,3 5 , 0.00%,  0.00%,  0.00%, 0.00%,  0.00%,  0.00%, 0.00%,  0.00%,  0.00%, 0.00%,  0.00%,  0.00%, 0.00%,  0.51%,  0.21%, 18.42%,  9.88%,  8.13%, 10.08%,  9.05%, 11.11%,  0.00%,  3.50%,  4.32%,  5.04%,  0.62%,  6.28%,  5.56%,  7.30%, 74708.96, 12228.16, 6630.99, 79040.64 , 16, 235, 100.05, 84, 202, 116.44, 77, 167, 137.53, 0.00%, 46.15%,0.00%, 30.77%, 7.69%, 0.00%, 15.38%, 0.00%, 0.00%, 0.00%, 23.75%,0.00%, 50.50%, 1.75%, 3.88%, 9.12%, 4.12%, 6.88%, 0.00%, 35.16%,0.00%, 24.18%, 4.76%, 6.59%, 10.99%, 5.31%, 13.00%, 0.00%, 37.97%,0.00%, 15.82%, 12.03%, 6.33%, 7.28%, 6.49%, 14.08%,0.00%, 334.9, 207.6, 55.3, 22.4, 106.1, 0.0, 491.9, 2.659, 31
5, b-SLICE,    4, 34.00,       8736, 0,3.62,34.958, 39.190, 40.832, 36.222,56, 3 0 ,5 , 0.00%,  0.00%,  0.00%, 0.00%,  0.00%,  0.00%, 0.00%,  0.00%,  0.00%, 0.00%,  0.00%,  0.00%, 0.00%,  2.69%,  1.11%, 17.85%, 13.90%, 10.27%, 11.22%,  4.58%,  3.63%,  0.00%,  2.84%,  2.53%,  1.42%,  2.37%, 12.32%,  8.37%,  4.90%, 80039.54, 12676.28, 7545.77, 82430.54 , 16, 235, 99.72, 86, 206, 116.43, 78, 166, 137.47, 0.00%, 38.46%,0.00%, 41.03%, 2.56%, 0.00%, 5.13%, 2.56%, 10.26%, 0.00%, 29.36%,0.00%, 42.51%, 1.22%, 1.22%, 11.62%, 3.36%, 10.70%, 0.00%, 33.66%,0.00%, 26.83%, 4.88%, 2.68%, 11.95%, 4.39%, 15.61%, 0.00%, 43.48%,0.00%, 22.83%, 8.70%, 4.89%, 8.15%, 3.80%, 8.15%,0.00%, 1.0, 61.0, 59.5, 22.5, 109.5, 0.0, 489.7, 2.600, 41
6, P-SLICE,    8, 32.00,      71392, 0,3.58,34.804, 39.042, 40.600, 36.059,53, 5 3 0 , -, 0.00%,  0.00%,  0.00%, 0.03%,  0.00%,  0.03%, 0.10%,  0.00%,  0.45%, 0.24%,  0.31%,  2.47%, 0.00%,  0.14%,  0.00%,  3.03%,  2.30%, 14.96%,  8.00%, 33.68%, 17.12%,  0.00%,  0.10%,  1.53%,  4.14%,  0.07%,  0.35%,  2.64%,  8.28%, 85962.55, 13393.98, 5978.98, 152904.13 , 16, 235, 100.04, 86, 197, 116.81, 77, 167, 137.42, 0.00%, 33.33%,0.00%, 16.67%, 50.00%, 0.00%, 0.00%, 0.00%, 0.00%, 1.01%, 6.57%,0.00%, 33.84%, 25.25%, 6.31%, 5.30%, 13.38%, 8.33%, 2.01%, 15.08%,0.00%, 29.15%, 24.87%, 6.41%, 6.91%, 8.04%, 7.54%, 4.57%, 18.75%,0.00%, 23.63%, 27.21%, 3.68%, 8.72%, 2.99%, 10.45%,0.00%, 1.7, 12.2, 90.7, 22.5, 235.9, 0.0, 511.9, 3.022, 24
7, B-SLICE,    7, 33.00,      21400, 0,3.39,34.709, 39.033, 40.685, 35.996,55, 5 3 0 ,8 , 0.00%,  0.00%,  0.00%, 0.00%,  0.00%,  0.00%, 0.00%,  0.00%,  0.00%, 0.00%,  0.00%,  0.00%, 0.00%,  0.50%,  0.17%, 14.19%,  5.86%, 17.74%,  9.82%, 12.38%,  8.25%,  0.00%,  1.07%,  5.03%,  4.70%,  0.33%,  5.12%,  6.52%,  8.33%, 85481.68, 13130.44, 7016.11, 94462.58 , 16, 235, 99.89, 84, 199, 116.59, 81, 167, 137.41, 0.00%, 33.33%,0.00%, 50.00%, 0.00%, 0.00%, 0.00%, 8.33%, 8.33%, 0.00%, 21.55%,0.00%, 50.57%, 7.47%, 3.74%, 5.46%, 3.59%, 7.61%, 0.00%, 29.54%,0.00%, 36.29%, 9.07%, 4.96%, 6.22%, 4.64%, 9.28%, 0.00%, 38.73%,0.00%, 22.06%, 14.71%, 3.92%, 7.35%, 3.80%, 9.44%,0.00%, 1.6, 35.3, 71.8, 27.6, 162.2, 0.0, 556.1, 2.630, 26
8, b-SLICE,    6, 34.00,      11168, 0,3.66,34.737, 39.108, 40.778, 36.038,57, 5 3 ,7 8 , 0.00%,  0.00%,  0.00%, 0.00%,  0.00%,  0.00%, 0.00%,  0.00%,  0.00%, 0.00%,  0.00%,  0.00%, 0.00%,  2.61%,  1.37%, 20.58%,  9.74%, 11.11%,  8.50%,  5.49%,  8.78%,  0.00%,  3.29%,  5.21%,  2.61%,  0.96%,  7.68%,  4.80%,  7.27%, 84359.16, 12884.09, 7823.87, 87516.96 , 16, 235, 99.72, 85, 197, 116.46, 80, 167, 137.46, 0.00%, 19.44%,0.00%, 52.78%, 0.00%, 8.33%, 13.89%, 1.39%, 4.17%, 0.00%, 24.17%,0.00%, 50.15%, 4.23%, 2.42%, 7.25%, 3.47%, 8.31%, 0.00%, 33.80%,0.00%, 32.87%, 4.63%, 3.24%, 11.57%, 3.24%, 10.65%, 0.00%, 40.91%,0.00%, 15.91%, 6.82%, 3.41%, 11.93%, 5.11%, 15.91%,0.00%, 1.6, 55.2, 44.0, 21.0, 95.9, 0.0, 580.4, 2.852, 25
9, P-SLICE,   12, 32.00,      86496, 0,3.68,34.712, 38.967, 40.650, 35.986,52, 8 7 5 3 , -, 0.00%,  0.00%,  0.00%, 0.00%,  0.00%,  0.20%, 0.07%,  0.07%,  0.78%, 0.68%,  0.14%,  3.76%, 0.00%,  0.07%,  0.00%,  2.47%,  3.18%, 14.70%,  7.79%, 36.28%, 16.29%,  0.00%,  0.14%,  1.59%,  3.18%,  0.00%,  0.20%,  1.39%,  7.01%, 88143.25, 13498.83, 6260.78, 196368.87 , 16, 235, 100.76, 80, 197, 116.61, 78, 168, 137.58, 0.00%, 0.00%,0.00%, 50.00%, 50.00%, 0.00%, 0.00%, 0.00%, 0.00%, 2.82%, 4.69%,0.00%, 28.64%, 19.72%, 8.69%, 5.40%, 21.13%, 8.92%, 3.47%, 11.30%,0.00%, 31.19%, 24.52%, 7.51%, 5.71%, 8.41%, 7.89%, 6.79%, 15.14%,0.00%, 25.05%, 28.82%, 2.99%, 7.77%, 3.62%, 9.81%,0.00%, 0.0, 53.3, 104.5, 21.0, 287.8, 0.0, 627.7, 3.267, 26
10, B-SLICE,   10, 33.00,      28152, 0,3.62,34.623, 39.088, 40.732, 35.945,55, 8 7 3 ,12 , 0.00%,  0.00%,  0.00%, 0.00%,  0.00%,  0.00%, 0.00%,  0.00%,  0.00%, 0.00%,  0.00%,  0.00%, 0.00%,  0.37%,  0.29%, 14.01%,  4.72%, 19.03%,  6.93%, 18.29%,  9.37%,  0.00%,  1.40%,  4.28%,  4.35%,  0.15%,  2.73%,  5.68%,  8.41%, 87457.06, 12975.53, 7455.07, 102797.30 , 16, 235, 100.44, 82, 198, 116.70, 77, 167, 137.49, 0.00%, 18.18%,0.00%, 45.45%, 0.00%, 4.55%, 4.55%, 9.09%, 18.18%, 0.00%, 16.47%,0.00%, 57.65%, 7.06%, 4.85%, 4.26%, 4.56%, 5.15%, 0.00%, 27.72%,0.00%, 42.92%, 10.06%, 4.62%, 5.03%, 2.57%, 7.08%, 0.00%, 31.57%,0.00%, 23.54%, 21.72%, 4.01%, 6.75%, 3.01%, 9.40%,0.00%, 0.0, 115.9, 82.1, 36.3, 179.0, 0.0, 674.4, 2.481, 12
11, b-SLICE,    9, 34.00,      11512, 0,3.55,34.566, 39.133, 40.739, 35.909,57, 8 7 ,10 12 , 0.00%,  0.00%,  0.00%, 0.00%,  0.00%,  0.00%, 0.00%,  0.00%,  0.00%, 0.00%,  0.00%,  0.00%, 0.00%,  2.51%,  1.95%, 21.62%,  7.25%, 15.90%,  9.07%,  6.28%,  4.88%,  0.00%,  3.21%,  6.83%,  2.51%,  0.98%,  6.97%,  4.74%,  5.30%, 87801.81, 12887.99, 8309.75, 90817.73 , 16, 235, 100.26, 84, 197, 116.77, 80, 167, 137.45, 0.00%, 17.95%,0.00%, 46.15%, 0.00%, 7.69%, 15.38%, 3.85%, 8.97%, 0.00%, 23.55%,0.00%, 57.10%, 2.58%, 1.77%, 4.68%, 3.23%, 7.10%, 0.00%, 31.68%,0.00%, 37.79%, 5.73%, 3.82%, 10.69%, 1.72%, 8.59%, 0.00%, 41.18%,0.00%, 20.59%, 12.50%, 5.51%, 11.40%, 1.47%, 7.35%,0.00%, 0.0, 140.2, 56.8, 25.7, 111.8, 0.0, 706.8, 2.363, 34
12, b-SLICE,   11, 34.00,      10536, 0,3.67,34.488, 39.100, 40.745, 35.846,56, 10 8 7 ,12 , 0.00%,  0.00%,  0.00%, 0.00%,  0.00%,  0.00%, 0.00%,  0.00%,  0.00%, 0.00%,  0.00%,  0.00%, 0.00%,  2.73%,  1.21%, 24.70%, 10.30%,  9.85%,  6.82%,  6.06%,  5.15%,  0.00%,  6.52%,  3.33%,  4.39%,  1.21%,  7.58%,  5.15%,  5.00%, 89195.10, 12937.54, 8236.26, 92713.03 , 16, 235, 100.59, 83, 204, 116.64, 84, 167, 137.52, 0.00%, 23.53%,0.00%, 52.94%, 0.00%, 4.41%, 7.35%, 5.88%, 5.88%, 0.00%, 26.27%,0.00%, 52.26%, 2.26%, 2.54%, 6.21%, 3.11%, 7.34%, 0.00%, 33.73%,0.00%, 35.54%, 3.61%, 3.92%, 8.13%, 2.71%, 12.35%, 0.00%, 45.59%,0.00%, 20.59%, 8.82%, 2.57%, 7.72%, 2.94%, 11.76%,0.00%, 1.6, 97.0, 56.9, 25.7, 108.2, 0.0, 704.5, 2.600, 36
13, P-SLICE,   18, 32.00,      99488, 0,3.78,34.495, 38.826, 40.480, 35.785,50, 12 10 8 7 , -, 0.00%,  0.00%,  0.00%, 0.00%,  0.00%,  0.13%, 0.09%,  0.06%,  1.04%, 0.41%,  0.44%,  5.08%, 0.00%,  0.00%,  0.00%,  3.16%,  1.96%, 14.43%,  7.32%, 35.89%, 17.11%,  0.00%,  0.00%,  1.23%,  5.87%,  0.00%,  0.22%,  1.04%,  4.51%, 92915.16, 14123.01, 6669.70, 202649.69 , 16, 235, 100.90, 80, 188, 116.48, 71, 168, 137.52, 0.00%, 0.00%,0.00%, 0.00%, 0.00%, 0.00%, 0.00%, 0.00%, 0.00%, 1.97%, 3.45%,0.00%, 35.47%, 28.57%, 6.40%, 2.46%, 17.24%, 4.43%, 4.76%, 9.01%,0.00%, 30.79%, 26.41%, 6.88%, 6.01%, 8.57%, 7.57%, 8.56%, 14.98%,0.00%, 25.05%, 26.73%, 3.87%, 7.70%, 4.14%, 8.97%,0.00%, 0.0, 76.5, 103.8, 25.7, 301.7, 0.0, 735.5, 3.511, 23
14, B-SLICE,   15, 33.00,      37320, 0,3.71,34.462, 38.938, 40.668, 35.798,54, 12 10 7 ,18 , 0.00%,  0.00%,  0.00%, 0.00%,  0.00%,  0.00%, 0.00%,  0.00%,  0.00%, 0.00%,  0.00%,  0.00%, 0.00%,  0.47%,  0.06%,  9.02%,  2.85%, 18.62%,  8.09%, 21.06%, 15.13%,  0.00%,  1.28%,  4.30%,  6.69%,  0.17%,  1.98%,  3.61%,  6.69%, 91344.71, 13347.34, 7602.34, 112963.34 , 16, 235, 100.87, 79, 192, 116.48, 72, 167, 137.59, 0.00%, 25.00%,0.00%, 66.67%, 0.00%, 8.33%, 0.00%, 0.00%, 0.00%, 0.00%, 19.31%,0.00%, 60.00%, 3.79%, 3.10%, 5.52%, 2.76%, 5.52%, 0.00%, 22.86%,0.00%, 42.69%, 11.09%, 3.53%, 7.39%, 4.20%, 8.24%, 0.00%, 27.00%,0.00%, 25.12%, 17.37%, 5.28%, 9.51%, 3.99%, 11.74%,0.00%, 0.0, 78.3, 93.1, 38.7, 188.5, 0.0, 793.2, 2.378, 20
15, b-SLICE,   13, 34.00,      14824, 0,3.70,34.384, 38.990, 40.712, 35.751,57, 12 10 ,15 18 , 0.00%,  0.00%,  0.00%, 0.00%,  0.00%,  0.00%, 0.00%,  0.00%,  0.00%, 0.00%,  0.00%,  0.00%, 0.00%,  1.19%,  1.19%, 15.75%,  8.63%, 11.65%,  8.20%, 10.14%,  9.71%,  0.00%,  3.34%,  3.56%,  4.31%,  0.54%,  5.83%,  7.77%,  8.20%, 91920.95, 13175.41, 8077.53, 97935.55 , 16, 235, 100.90, 80, 197, 116.52, 74, 167, 137.58, 0.00%, 18.52%,0.00%, 40.74%, 0.00%, 7.41%, 7.41%, 7.41%, 18.52%, 0.00%, 24.93%,0.00%, 49.56%, 2.05%, 2.64%, 6.74%, 5.57%, 8.50%, 0.00%, 36.33%,0.00%, 33.56%, 3.81%, 4.33%, 9.86%, 3.81%, 8.30%, 0.00%, 38.46%,0.00%, 19.06%, 12.37%, 3.01%, 10.37%, 2.51%, 14.21%,0.00%, 0.0, 92.1, 72.8, 35.4, 143.9, 2.3, 833.2, 2.474, 22
16, b-SLICE,   14, 34.00,      14944, 0,3.61,34.285, 38.944, 40.677, 35.666,57, 12 10 ,15 18 , 0.00%,  0.00%,  0.00%, 0.00%,  0.00%,  0.00%, 0.00%,  0.00%,  0.00%, 0.00%,  0.00%,  0.00%, 0.00%,  1.19%,  0.99%, 14.29%,  8.23%, 11.61%,  6.45%, 12.70%,  7.84%,  0.00%,  2.18%,  4.37%,  5.56%,  0.40%,  5.75%,  7.64%, 10.81%, 93981.39, 13302.59, 8103.32, 100592.46 , 16, 235, 101.03, 80, 195, 116.48, 73, 167, 137.59, 0.00%, 15.38%,0.00%, 46.15%, 0.00%, 9.62%, 5.77%, 3.85%, 19.23%, 0.00%, 23.74%,0.00%, 46.88%, 4.75%, 3.86%, 8.31%, 2.97%, 9.50%, 0.00%, 39.93%,0.00%, 34.32%, 4.29%, 3.30%, 7.92%, 2.48%, 7.76%, 0.00%, 44.35%,0.00%, 19.09%, 15.32%, 1.88%, 7.53%, 2.82%, 9.01%,0.00%, 0.0, 61.8, 72.8, 35.4, 123.6, 7.5, 832.6, 2.326, 32
17, b-SLICE,   16, 34.00,      14800, 0,3.78,34.254, 38.968, 40.713, 35.651,56, 15 12 10 ,18 , 0.00%,  0.00%,  0.00%, 0.00%,  0.00%,  0.00%, 0.00%,  0.00%,  0.00%, 0.00%,  0.00%,  0.00%, 0.00%,  0.75%,  0.53%, 16.67%, 10.36%, 12.93%,  8.76%,  9.29%,  9.08%,  0.00%,  3.63%,  6.52%,  2.78%,  0.43%,  6.84%,  5.66%,  5.77%, 94545.46, 13213.94, 8240.46, 100112.45 , 16, 235, 100.88, 80, 188, 116.50, 69, 168, 137.58, 0.00%, 25.00%,0.00%, 43.75%, 0.00%, 6.25%, 6.25%, 3.12%, 15.62%, 0.00%, 25.72%,0.00%, 45.41%, 3.41%, 4.46%, 8.40%, 5.38%, 7.22%, 0.00%, 35.96%,0.00%, 32.49%, 5.68%, 3.79%, 8.52%, 3.15%, 10.41%, 0.00%, 31.75%,0.00%, 20.63%, 13.89%, 4.56%, 10.12%, 3.17%, 15.87%,0.00%, 0.0, 60.0, 74.2, 35.4, 130.8, 0.0, 830.0, 2.385, 26
18, b-SLICE,   17, 34.00,      13816, 0,3.51,34.161, 38.872, 40.600, 35.555,56, 15 12 10 ,18 , 0.00%,  0.00%,  0.00%, 0.00%,  0.00%,  0.00%, 0.00%,  0.00%,  0.00%, 0.00%,  0.00%,  0.00%, 0.00%,  0.88%,  1.32%, 15.29%,  9.02%, 16.06%,  8.91%,  7.37%,  7.59%,  0.00%,  2.09%,  5.94%,  4.07%,  0.55%,  7.59%,  7.26%,  6.05%, 97103.89, 13530.80, 7843.71, 101839.39 , 16, 235, 100.92, 79, 188, 116.45, 72, 168, 137.52, 0.00%, 20.00%,0.00%, 32.00%, 0.00%, 10.00%, 6.00%, 14.00%, 18.00%, 0.00%, 25.96%,0.00%, 44.54%, 5.31%, 4.87%, 7.82%, 4.72%, 6.78%, 0.00%, 34.58%,0.00%, 32.28%, 9.80%, 4.90%, 8.07%, 2.45%, 7.93%, 0.00%, 40.35%,0.00%, 18.42%, 10.96%, 4.39%, 6.58%, 3.73%, 15.57%,0.00%, 0.0, 14.9, 75.5, 35.4, 129.0, 6.8, 829.5, 2.296, 28
19, P-SLICE,   22, 32.00,      81200, 0,3.59,34.385, 38.816, 40.574, 35.713,52, 18 15 12 10 , -, 0.00%,  0.00%,  0.00%, 0.07%,  0.04%,  0.04%, 0.04%,  0.04%,  0.59%, 0.22%,  0.07%,  3.13%, 0.00%,  0.11%,  0.11%,  3.83%,  2.73%, 16.26%,  7.60%, 34.48%, 14.27%,  0.00%,  0.04%,  1.14%,  5.01%,  0.00%,  0.22%,  1.81%,  8.15%, 94621.53, 13899.63, 6897.69, 168660.81 , 16, 235, 101.00, 81, 190, 116.62, 73, 168, 137.53, 0.00%, 0.00%,0.00%, 33.33%, 16.67%, 16.67%, 0.00%, 33.33%, 0.00%, 1.83%, 3.20%,0.00%, 36.99%, 24.20%, 9.13%, 6.85%, 11.87%, 5.94%, 2.42%, 10.74%,0.00%, 30.74%, 28.46%, 6.17%, 6.17%, 7.52%, 7.79%, 5.25%, 20.15%,0.00%, 21.56%, 31.21%, 3.05%, 7.67%, 2.37%, 8.75%,0.00%, 0.0, 0.1, 91.8, 0.0, 276.4, 0.0, 862.1, 3.474, 19
20, B-SLICE,   20, 33.00,      26408, 0,3.73,34.311, 38.902, 40.646, 35.677,55, 18 15 10 ,22 , 0.00%,  0.00%,  0.00%, 0.00%,  0.00%,  0.00%, 0.00%,  0.00%,  0.00%, 0.00%,  0.00%,  0.00%, 0.00%,  0.44%,  0.44%, 11.93%,  5.19%, 15.93%,  8.52%, 15.11%, 12.81%,  0.00%,  1.33%,  3.63%,  3.63%,  0.22%,  3.41%,  7.48%,  9.93%, 93879.75, 13417.23, 8082.27, 106872.61 , 16, 235, 101.05, 81, 191, 116.54, 70, 168, 137.51, 0.00%, 20.00%,0.00%, 40.00%, 0.00%, 6.67%, 6.67%, 3.33%, 23.33%, 0.00%, 19.69%,0.00%, 54.77%, 4.00%, 3.08%, 5.23%, 5.08%, 8.15%, 0.00%, 31.25%,0.00%, 33.54%, 11.25%, 4.90%, 10.31%, 2.81%, 5.94%, 0.00%, 32.68%,0.00%, 22.14%, 14.29%, 4.91%, 10.09%, 3.66%, 12.23%,0.00%, 0.0, 23.4, 70.9, 30.1, 154.4, 0.0, 909.7, 2.637, 31
21, b-SLICE,   19, 34.00,       8424, 0,3.85,34.264, 38.962, 40.637, 35.648,57, 18 15 ,20 22 , 0.00%,  0.00%,  0.00%, 0.00%,  0.00%,  0.00%, 0.00%,  0.00%,  0.00%, 0.00%,  0.00%,  0.00%, 0.00%,  3.21%,  1.52%, 20.64%, 11.68%,  6.43%,  7.11%,  4.06%,  5.41%,  0.00%,  5.08%,  4.23%,  3.21%,  2.54%, 12.18%,  8.46%,  4.23%, 94051.90, 13318.63, 8679.06, 96282.66 , 16, 235, 100.99, 81, 189, 116.50, 71, 168, 137.53, 0.00%, 34.88%,0.00%, 44.19%, 0.00%, 4.65%, 2.33%, 5.81%, 8.14%, 0.00%, 31.58%,0.00%, 45.82%, 1.24%, 1.86%, 8.36%, 2.63%, 8.51%, 0.00%, 48.39%,0.00%, 21.94%, 2.58%, 3.55%, 11.29%, 3.55%, 8.71%, 0.00%, 44.00%,0.00%, 16.00%, 8.00%, 3.00%, 9.00%, 3.00%, 17.00%,0.00%, 0.0, 75.0, 42.9, 17.2, 92.5, 0.6, 939.2, 2.496, 31
22, b-SLICE,   21, 34.00,       9840, 0,3.57,34.152, 38.891, 40.673, 35.560,56, 20 18 15 ,22 , 0.00%,  0.00%,  0.00%, 0.00%,  0.00%,  0.00%, 0.00%,  0.00%,  0.00%, 0.00%,  0.00%,  0.00%, 0.00%,  4.46%,  1.65%, 21.12%,  9.57%,  7.92%, 11.22%,  3.80%,  6.60%,  0.00%,  4.62%,  4.62%,  1.49%,  1.16%, 11.06%,  7.43%,  3.30%, 96598.32, 13404.51, 8927.34, 100178.61 , 16, 235, 101.03, 81, 191, 116.58, 71, 168, 137.49, 0.00%, 15.91%,0.00%, 61.36%, 0.00%, 4.55%, 6.82%, 3.41%, 7.95%, 0.00%, 30.55%,0.00%, 47.91%, 2.89%, 3.05%, 7.88%, 1.45%, 6.27%, 0.00%, 38.62%,0.00%, 22.75%, 2.65%, 6.35%, 13.76%, 2.65%, 13.23%, 0.00%, 31.52%,0.00%, 17.39%, 7.61%, 8.15%, 9.24%, 4.35%, 21.74%,0.00%, 0.0, 73.6, 43.0, 17.2, 88.7, 0.0, 931.6, 2.696, 37
23, P-SLICE,   27, 32.00,      95128, 0,3.52,34.460, 38.734, 40.508, 35.750,51, 22 20 18 15 , -, 0.00%,  0.00%,  0.00%, 0.00%,  0.00%,  0.41%, 0.03%,  0.10%,  0.67%, 0.51%,  0.32%,  3.92%, 0.00%,  0.00%,  0.00%,  2.52%,  2.58%, 14.10%,  6.73%, 37.83%, 16.52%,  0.00%,  0.03%,  1.21%,  5.65%,  0.00%,  0.32%,  1.24%,  5.30%, 93508.53, 14197.08, 6838.85, 200812.00 , 16, 235, 100.91, 82, 190, 116.47, 76, 167, 137.57, 0.00%, 0.00%,0.00%, 0.00%, 0.00%, 0.00%, 0.00%, 0.00%, 0.00%, 6.07%, 5.14%,0.00%, 34.58%, 16.36%, 10.28%, 4.67%, 15.65%, 7.24%, 3.31%, 10.20%,0.00%, 30.20%, 28.34%, 5.76%, 6.95%, 6.82%, 8.41%, 6.79%, 15.62%,0.00%, 24.73%, 29.28%, 3.14%, 7.83%, 3.28%, 9.34%,0.00%, 0.0, 72.1, 92.3, 17.2, 279.7, 0.0, 951.5, 3.726, 29
24, B-SLICE,   25, 33.00,      33680, 0,3.65,34.244, 38.828, 40.607, 35.612,54, 22 20 15 ,27 , 0.00%,  0.00%,  0.00%, 0.00%,  0.00%,  0.00%, 0.00%,  0.00%,  0.00%, 0.00%,  0.00%,  0.00%, 0.00%,  0.30%,  0.12%,  8.29%,  5.48%, 17.25%,  9.45%, 16.76%, 12.19%,  0.00%,  0.91%,  5.18%,  7.01%,  0.06%,  2.13%,  6.22%,  8.65%, 95830.68, 13603.07, 7995.81, 124152.55 , 16, 235, 100.82, 81, 190, 116.55, 74, 167, 137.54, 0.00%, 12.50%,0.00%, 62.50%, 0.00%, 12.50%, 0.00%, 12.50%, 0.00%, 0.00%, 16.34%,0.00%, 47.06%, 7.19%, 3.76%, 9.31%, 7.03%, 9.31%, 0.00%, 29.92%,0.00%, 37.44%, 7.84%, 4.16%, 8.48%, 3.68%, 8.48%, 0.00%, 35.11%,0.00%, 20.90%, 16.67%, 4.37%, 9.02%, 3.21%, 10.72%,0.00%, 0.0, 74.1, 84.9, 36.7, 172.9, 0.0, 1007.0, 2.363, 24
25, b-SLICE,   23, 34.00,      15624, 0,3.56,34.103, 38.839, 40.628, 35.511,57, 22 20 ,25 27 , 0.00%,  0.00%,  0.00%, 0.00%,  0.00%,  0.00%, 0.00%,  0.00%,  0.00%, 0.00%,  0.00%,  0.00%, 0.00%,  1.01%,  1.01%, 16.21%,  7.35%, 11.68%,  8.66%,  8.66%, 11.08%,  0.00%,  2.42%,  2.92%,  2.11%,  0.40%,  5.24%, 10.47%, 10.78%, 97918.75, 13558.41, 8829.40, 106326.01 , 16, 235, 100.96, 81, 190, 116.56, 72, 168, 137.50, 0.00%, 16.67%,0.00%, 37.50%, 4.17%, 6.25%, 6.25%, 6.25%, 22.92%, 0.00%, 22.35%,0.00%, 52.94%, 3.24%, 4.26%, 8.38%, 3.09%, 5.74%, 0.00%, 39.70%,0.00%, 31.34%, 3.28%, 4.33%, 9.70%, 3.43%, 8.21%, 0.00%, 39.51%,0.00%, 16.36%, 10.19%, 1.70%, 9.41%, 4.94%, 17.90%,0.00%, 0.0, 88.3, 66.6, 31.3, 129.4, 1.5, 1050.9, 2.496, 30
26, b-SLICE,   24, 34.00,      15696, 0,3.79,34.047, 38.873, 40.643, 35.475,57, 22 20 ,25 27 , 0.00%,  0.00%,  0.00%, 0.00%,  0.00%,  0.00%, 0.00%,  0.00%,  0.00%, 0.00%,  0.00%,  0.00%, 0.00%,  1.01%,  0.81%, 15.01%,  7.65%, 14.20%,  6.55%, 10.88%,  9.26%,  0.00%,  2.22%,  5.74%,  4.43%,  0.30%,  7.75%,  6.55%,  7.65%, 99207.81, 13474.84, 8615.38, 109269.72 , 16, 235, 100.92, 81, 192, 116.56, 74, 168, 137.53, 0.00%, 14.29%,0.00%, 42.86%, 4.76%, 9.52%, 4.76%, 11.90%, 11.90%, 0.00%, 27.97%,0.00%, 47.46%, 3.11%, 3.67%, 9.04%, 3.81%, 4.94%, 0.00%, 37.20%,0.00%, 37.20%, 5.79%, 3.51%, 7.16%, 2.90%, 6.25%, 0.00%, 37.50%,0.00%, 22.50%, 11.25%, 3.12%, 10.62%, 3.28%, 11.72%,0.00%, 0.0, 63.4, 66.7, 31.2, 123.8, 1.3, 1047.4, 2.511, 22
27, b-SLICE,   26, 34.00,      10680, 0,3.55,34.177, 38.843, 40.617, 35.565,56, 25 22 20 ,27 , 0.00%,  0.00%,  0.00%, 0.00%,  0.00%,  0.00%, 0.00%,  0.00%,  0.00%, 0.00%,  0.00%,  0.00%, 0.00%,  3.00%,  1.20%, 20.42%, 13.96%, 11.26%, 10.51%,  3.90%,  5.11%,  0.00%,  4.80%,  5.26%,  4.20%,  1.05%,  7.36%,  4.95%,  3.00%, 96045.32, 13563.69, 8929.25, 99649.52 , 16, 235, 100.95, 81, 189, 116.52, 72, 168, 137.57, 0.00%, 20.00%,0.00%, 57.14%, 0.00%, 2.86%, 14.29%, 1.43%, 4.29%, 0.00%, 23.82%,0.00%, 45.59%, 3.24%, 2.65%, 9.12%, 3.38%, 12.21%, 0.00%, 31.92%,0.00%, 30.52%, 4.69%, 4.23%, 9.39%, 3.52%, 15.73%, 0.00%, 44.44%,0.00%, 12.04%, 12.04%, 2.78%, 6.48%, 5.56%, 16.67%,0.00%, 0.0, 61.8, 68.0, 31.3, 90.4, 6.1, 1039.4, 2.763, 19
28, P-SLICE,   31, 32.00,      82768, 0,3.51,34.461, 38.736, 40.579, 35.760,52, 27 25 22 20 , -, 0.00%,  0.00%,  0.00%, 0.00%,  0.00%,  0.11%, 0.07%,  0.00%,  0.78%, 0.21%,  0.11%,  2.94%, 0.00%,  0.00%,  0.04%,  3.65%,  2.69%, 14.17%,  8.47%, 33.16%, 17.07%,  0.00%,  0.07%,  1.17%,  4.68%,  0.04%,  0.35%,  2.52%,  7.72%, 93312.11, 13986.92, 6684.78, 179340.06 , 16, 235, 100.77, 81, 190, 116.40, 74, 168, 137.67, 0.00%, 50.00%,0.00%, 0.00%, 0.00%, 0.00%, 0.00%, 50.00%, 0.00%, 1.34%, 5.36%,0.00%, 36.61%, 22.77%, 5.13%, 6.92%, 12.28%, 9.60%, 3.13%, 13.56%,0.00%, 29.99%, 22.16%, 7.24%, 8.41%, 6.78%, 8.74%, 4.95%, 18.82%,0.00%, 23.06%, 27.26%, 3.25%, 7.77%, 3.74%, 11.16%,0.00%, 0.0, 14.0, 106.9, 31.2, 252.0, 0.0, 1054.2, 2.770, 27
29, B-SLICE,   29, 33.00,      26424, 0,3.67,34.358, 38.806, 40.641, 35.700,55, 27 25 20 ,31 , 0.00%,  0.00%,  0.00%, 0.00%,  0.00%,  0.00%, 0.00%,  0.00%,  0.00%, 0.00%,  0.00%,  0.00%, 0.00%,  0.63%,  0.31%, 14.98%,  4.55%, 14.59%,  8.16%, 15.92%, 12.00%,  0.00%,  2.04%,  4.39%,  7.84%,  0.08%,  3.69%,  5.18%,  5.65%, 92927.70, 13604.04, 8163.64, 107800.33 , 16, 235, 100.97, 81, 193, 116.42, 75, 167, 137.64, 0.00%, 7.69%,0.00%, 53.85%, 7.69%, 0.00%, 0.00%, 15.38%, 15.38%, 0.00%, 20.74%,0.00%, 59.09%, 3.69%, 3.84%, 3.84%, 2.84%, 5.97%, 0.00%, 29.61%,0.00%, 39.32%, 5.83%, 5.83%, 7.77%, 3.40%, 8.25%, 0.00%, 32.58%,0.00%, 21.78%, 16.67%, 4.55%, 7.77%, 4.36%, 12.31%,0.00%, 0.0, 38.8, 78.1, 32.9, 162.7, 0.0, 1105.5, 2.489, 31
30, b-SLICE,   28, 34.00,       9296, 0,3.66,34.250, 38.829, 40.642, 35.622,57, 27 25 ,29 31 , 0.00%,  0.00%,  0.00%, 0.00%,  0.00%,  0.00%, 0.00%,  0.00%,  0.00%, 0.00%,  0.00%,  0.00%, 0.00%,  2.48%,  2.02%, 20.16%, 11.78%, 10.23%,  7.91%,  3.72%,  5.89%,  0.00%,  4.34%,  2.79%,  2.95%,  1.24%, 11.63%,  7.44%,  5.43%, 94292.73, 13559.13, 8902.38, 96660.84 , 16, 235, 100.95, 82, 194, 116.46, 76, 167, 137.62, 0.00%, 21.62%,0.00%, 43.24%, 0.00%, 4.05%, 14.86%, 6.76%, 9.46%, 0.00%, 30.38%,0.00%, 44.84%, 2.36%, 3.69%, 7.52%, 2.65%, 8.55%, 0.00%, 36.07%,0.00%, 31.15%, 4.92%, 3.01%, 7.92%, 4.37%, 12.57%, 0.00%, 46.55%,0.00%, 11.21%, 9.48%, 3.02%, 13.36%, 3.02%, 13.36%,0.00%, 0.0, 55.5, 51.5, 25.8, 104.7, 1.0, 1134.7, 2.481, 33
31, b-SLICE,   30, 34.00,      10352, 0,3.59,34.250, 38.788, 40.615, 35.613,56, 29 27 25 ,31 , 0.00%,  0.00%,  0.00%, 0.00%,  0.00%,  0.00%, 0.00%,  0.00%,  0.00%, 0.00%,  0.00%,  0.00%, 0.00%,  2.16%,  1.44%, 20.83%, 11.49%,  9.05%,  7.61%,  7.76%,  5.32%,  0.00%,  3.45%,  4.45%,  4.02%,  1.58%,  8.33%,  7.18%,  5.32%, 94471.03, 13669.79, 8782.93, 97698.50 , 16, 235, 100.92, 82, 187, 116.41, 77, 168, 137.65, 0.00%, 30.56%,0.00%, 38.89%, 2.78%, 2.78%, 5.56%, 8.33%, 11.11%, 0.00%, 24.33%,0.00%, 48.96%, 2.97%, 4.15%, 9.50%, 2.97%, 7.12%, 0.00%, 41.12%,0.00%, 24.37%, 7.61%, 3.30%, 9.39%, 3.81%, 10.41%, 0.00%, 41.67%,0.00%, 23.72%, 10.90%, 2.88%, 8.65%, 2.24%, 9.94%,0.00%, 0.0, 54.2, 51.6, 25.8, 108.1, 0.0, 1126.9, 2.756, 32
32, I-SLICE,    0, 29.00,     310656, 0,0.00,37.162, 39.497, 41.025, 37.937,55,  -, -, 0.00%,  0.00%,  0.00%, 0.13%,  0.02%,  0.61%, 1.53%,  0.38%,  5.76%, 6.16%,  2.62%, 32.66%,50.13%,  0.00%,  0.00%,  0.00%,  0.00%,  0.00%,  0.00%,  0.00%,  0.00%,  0.00%,  0.00%,  0.00%,  0.00%,  0.00%,  0.00%,  0.00%,  0.00%, 50058.86, 12806.93, 4861.01, 456445.00 , 16, 235, 100.69, 82, 187, 116.42, 75, 168, 137.69, 0.00%, 0.00%,0.00%, 0.00%, 0.00%, 0.00%, 0.00%, 0.00%, 0.00%, 60.53%, 0.00%,0.00%, 39.47%, 0.00%, 0.00%, 0.00%, 0.00%, 0.00%, 100.00%, 0.00%,0.00%, 0.00%, 0.00%, 0.00%, 0.00%, 0.00%, 0.00%, 100.00%, 0.00%,0.00%, 0.00%, 0.00%, 0.00%, 0.00%, 0.00%, 0.00%,100.00%, 0.0, 0.0, 167.4, 0.0, 508.8, 0.0, 1179.3, 3.681, 33
33, P-SLICE,    5, 32.00,      76112, 0,3.32,35.204, 39.187, 40.816, 36.404,51, 0 , -, 0.00%,  0.00%,  0.00%, 0.00%,  0.03%,  0.13%, 0.13%,  0.06%,  0.92%, 0.44%,  0.22%,  2.72%, 0.00%,  0.00%,  0.03%,  2.31%,  2.03%, 14.15%,  8.33%, 32.86%, 20.32%,  0.00%,  0.06%,  1.80%,  4.53%,  0.00%,  0.25%,  2.66%,  6.01%, 79238.64, 12821.72, 5391.95, 172098.81 , 16, 235, 100.10, 81, 186, 116.22, 77, 168, 137.90, 0.00%, 0.00%,0.00%, 0.00%, 0.00%, 0.00%, 0.00%, 0.00%, 100.00%, 2.75%, 5.49%,0.00%, 31.87%, 24.73%, 6.32%, 3.57%, 19.51%, 5.77%, 3.95%, 15.91%,0.00%, 29.12%, 21.33%, 6.66%, 5.42%, 10.38%, 7.22%, 5.05%, 15.71%,0.00%, 23.07%, 25.90%, 5.94%, 8.96%, 6.46%, 8.92%,0.00%, 0.0, 66.2, 114.3, 53.7, 186.7, 6.2, 1207.4, 2.052, 35
34, B-SLICE,    3, 33.00,      28064, 0,3.51,35.200, 39.321, 40.902, 36.428,54, 0 ,5 , 0.00%,  0.00%,  0.00%, 0.00%,  0.00%,  0.00%, 0.00%,  0.00%,  0.00%, 0.00%,  0.00%,  0.00%, 0.00%,  0.20%,  0.26%, 11.02%,  4.44%, 15.13%,  9.26%, 15.66%, 14.35%,  0.00%,  1.44%,  6.72%,  8.22%,  0.07%,  2.67%,  4.17%,  6.39%, 76663.75, 12370.72, 6599.34, 91831.96 , 16, 235, 100.55, 81, 192, 116.29, 74, 168, 137.82, 0.00%, 12.50%,0.00%, 37.50%, 0.00%, 0.00%, 12.50%, 0.00%, 37.50%, 0.00%, 19.09%,0.00%, 56.06%, 4.24%, 3.48%, 8.03%, 2.88%, 6.21%, 0.00%, 30.87%,0.00%, 36.60%, 6.28%, 4.71%, 9.33%, 3.60%, 8.60%, 0.00%, 32.75%,0.00%, 20.61%, 14.47%, 7.97%, 8.85%, 5.77%, 9.58%,0.00%, 0.0, 107.4, 68.4, 28.1, 134.9, 0.0, 1254.0, 2.444, 26
35, b-SLICE,    1, 34.00,      13624, 0,3.45,35.347, 39.362, 40.987, 36.554,57, 0 ,3 5 , 0.00%,  0.00%,  0.00%, 0.00%,  0.00%,  0.00%, 0.00%,  0.00%,  0.00%, 0.00%,  0.00%,  0.00%, 0.00%,  0.39%,  0.39%, 11.43%, 13.95%,  8.91%, 11.34%,  6.88%, 10.66%,  0.00%,  1.94%,  4.65%,  5.72%,  0.19%,  7.75%,  9.59%,  6.20%, 73848.64, 12204.10, 6178.83, 78875.90 , 16, 235, 100.69, 81, 189, 116.35, 75, 168, 137.68, 0.00%, 20.00%,0.00%, 40.00%, 0.00%, 10.00%, 10.00%, 10.00%, 10.00%, 0.00%, 25.51%,0.00%, 32.91%, 4.85%, 8.67%, 9.18%, 6.89%, 11.99%, 0.00%, 41.29%,0.00%, 20.79%, 5.06%, 6.88%, 9.97%, 6.60%, 9.41%, 0.00%, 40.46%,0.00%, 13.49%, 9.87%, 5.10%, 7.07%, 6.25%, 17.76%,0.00%, 0.0, 129.8, 49.0, 20.2, 96.5, 0.0, 1290.7, 2.519, 27
36, b-SLICE,    2, 34.00,      14768, 0,3.48,35.167, 39.357, 40.956, 36.414,57, 0 ,3 5 , 0.00%,  0.00%,  0.00%, 0.00%,  0.00%,  0.00%, 0.00%,  0.00%,  0.00%, 0.00%,  0.00%,  0.00%, 0.00%,  0.70%,  0.30%, 15.67%, 10.58%, 10.28%, 10.88%,  8.98%, 10.48%,  0.00%,  3.09%,  5.79%,  3.69%,  0.20%,  6.69%,  5.89%,  6.79%, 76642.70, 12248.50, 6972.13, 81758.72 , 16, 235, 100.68, 81, 188, 116.33, 74, 168, 137.69, 0.00%, 16.67%,0.00%, 58.33%, 0.00%, 4.17%, 12.50%, 4.17%, 4.17%, 0.00%, 25.06%,0.00%, 46.04%, 1.79%, 2.56%, 11.25%, 2.69%, 10.61%, 0.00%, 35.56%,0.00%, 27.96%, 3.34%, 5.17%, 10.33%, 5.02%, 12.61%, 0.00%, 35.00%,0.00%, 21.00%, 9.00%, 6.33%, 11.33%, 5.83%, 11.50%,0.00%, 0.0, 128.4, 53.9, 20.2, 109.0, 0.0, 1291.0, 2.393, 22
37, b-SLICE,    4, 34.00,      10048, 0,3.79,35.055, 39.289, 40.964, 36.323,56, 3 0 ,5 , 0.00%,  0.00%,  0.00%, 0.00%,  0.00%,  0.00%, 0.00%,  0.00%,  0.00%, 0.00%,  0.00%,  0.00%, 0.00%,  1.69%,  1.69%, 21.19%, 12.15%,  8.47%,  7.06%,  6.36%,  4.66%,  0.00%,  4.94%,  6.50%,  5.23%,  0.85%,  8.62%,  5.37%,  5.23%, 78496.42, 12352.65, 7378.36, 81422.95 , 16, 235, 100.43, 81, 188, 116.28, 76, 168, 137.87, 0.00%, 20.00%,0.00%, 40.00%, 0.00%, 3.33%, 20.00%, 3.33%, 13.33%, 0.00%, 26.52%,0.00%, 47.24%, 2.49%, 1.93%, 8.01%, 3.87%, 9.94%, 0.00%, 43.30%,0.00%, 26.29%, 4.64%, 2.58%, 10.82%, 2.84%, 9.54%, 0.00%, 48.68%,0.00%, 19.74%, 9.87%, 3.29%, 5.92%, 3.95%, 8.55%,0.00%, 0.0, 66.8, 53.9, 20.2, 88.4, 0.0, 1283.1, 2.726, 25
38, P-SLICE,    9, 32.00,      74216, 0,3.44,34.996, 39.081, 40.837, 36.236,52, 5 3 0 , -, 0.00%,  0.00%,  0.00%, 0.00%,  0.03%,  0.14%, 0.14%,  0.14%,  0.72%, 0.34%,  0.31%,  3.32%, 0.00%,  0.03%,  0.03%,  3.01%,  2.39%, 13.91%,  7.56%, 35.76%, 15.21%,  0.00%,  0.21%,  1.74%,  5.78%,  0.03%,  0.44%,  2.19%,  6.56%, 82478.36, 12954.81, 5944.59, 161043.07 , 16, 235, 99.09, 82, 187, 116.19, 77, 167, 138.04, 0.00%, 33.33%,0.00%, 0.00%, 33.33%, 33.33%, 0.00%, 0.00%, 0.00%, 2.36%, 8.96%,0.00%, 34.91%, 20.75%, 7.31%, 4.95%, 13.92%, 6.84%, 3.76%, 14.90%,0.00%, 29.66%, 23.06%, 6.48%, 6.22%, 8.48%, 7.45%, 5.89%, 18.34%,0.00%, 25.56%, 27.59%, 2.57%, 7.39%, 4.01%, 8.64%,0.00%, 0.0, 16.0, 81.3, 20.2, 223.3, 0.0, 1285.8, 3.274, 30
39, B-SLICE,    7, 33.00,      26216, 0,3.57,35.007, 39.202, 40.941, 36.273,55, 5 3 0 ,9 , 0.00%,  0.00%,  0.00%, 0.00%,  0.00%,  0.00%, 0.00%,  0.00%,  0.00%, 0.00%,  0.00%,  0.00%, 0.00%,  0.29%,  0.29%, 12.78%,  5.36%, 13.66%,  8.81%, 15.05%, 14.17%,  0.00%,  1.76%,  3.60%,  5.80%,  0.29%,  3.38%,  5.43%,  9.32%, 79914.02, 12543.35, 7037.37, 92546.79 , 16, 235, 99.67, 82, 189, 116.19, 88, 168, 138.02, 0.00%, 33.33%,0.00%, 33.33%, 0.00%, 8.33%, 8.33%, 8.33%, 8.33%, 0.00%, 20.17%,0.00%, 53.03%, 5.76%, 3.60%, 7.93%, 3.17%, 6.34%, 0.00%, 28.67%,0.00%, 38.93%, 4.43%, 4.43%, 12.12%, 3.03%, 8.39%, 0.00%, 34.11%,0.00%, 19.87%, 14.07%, 5.55%, 9.85%, 5.46%, 11.09%,0.00%, 0.0, 31.4, 72.9, 25.8, 165.0, 0.0, 1340.2, 2.733, 31
40, b-SLICE,    6, 34.00,       9040, 0,3.57,34.959, 39.226, 40.934, 36.239,57, 5 3 ,7 9 , 0.00%,  0.00%,  0.00%, 0.00%,  0.00%,  0.00%, 0.00%,  0.00%,  0.00%, 0.00%,  0.00%,  0.00%, 0.00%,  3.65%,  1.49%, 21.06%, 13.10%,  7.30%,  7.13%,  4.48%,  4.98%,  0.00%,  5.80%,  3.48%,  2.32%,  1.33%, 11.61%,  6.14%,  6.14%, 80287.83, 12494.30, 7745.13, 82447.52 , 16, 235, 99.89, 82, 191, 116.22, 83, 168, 137.96, 0.00%, 20.51%,0.00%, 56.41%, 0.00%, 7.69%, 7.69%, 3.85%, 3.85%, 0.00%, 30.79%,0.00%, 45.16%, 0.88%, 2.64%, 9.38%, 3.37%, 7.77%, 0.00%, 40.00%,0.00%, 22.76%, 7.59%, 3.10%, 13.45%, 2.07%, 11.03%, 0.00%, 47.22%,0.00%, 16.67%, 8.33%, 4.63%, 7.41%, 2.78%, 12.96%,0.00%, 0.0, 46.4, 54.1, 29.1, 104.3, 0.0, 1368.5, 2.822, 47
41, b-SLICE,    8, 34.00,       9728, 0,3.47,34.853, 39.163, 40.944, 36.153,56, 7 5 3 ,9 , 0.00%,  0.00%,  0.00%, 0.00%,  0.00%,  0.00%, 0.00%,  0.00%,  0.00%, 0.00%,  0.00%,  0.00%, 0.00%,  3.03%,  2.42%, 18.79%,  9.85%,  6.36%,  9.09%,  6.67%,  8.33%,  0.00%,  3.64%,  3.33%,  2.12%,  0.91%, 11.36%,  8.18%,  5.91%, 82062.91, 12591.75, 7834.53, 86568.53 , 16, 235, 99.40, 81, 196, 116.19, 81, 168, 138.03, 0.00%, 14.29%,0.00%, 47.62%, 0.00%, 2.38%, 14.29%, 3.57%, 17.86%, 0.00%, 31.13%,0.00%, 46.23%, 2.20%, 1.26%, 7.23%, 2.83%, 9.12%, 0.00%, 42.70%,0.00%, 20.22%, 3.37%, 3.65%, 13.76%, 2.81%, 13.48%, 0.00%, 34.87%,0.00%, 19.74%, 9.21%, 3.29%, 5.92%, 5.26%, 21.71%,0.00%, 0.0, 41.6, 56.5, 29.1, 98.1, 6.6, 1361.9, 2.600, 44
42, P-SLICE,   12, 32.00,      68584, 0,3.34,35.039, 39.078, 40.821, 36.267,53, 9 7 5 3 , -, 0.00%,  0.00%,  0.00%, 0.00%,  0.00%,  0.13%, 0.00%,  0.00%,  0.34%, 0.17%,  0.13%,  2.22%, 0.00%,  0.07%,  0.03%,  3.37%,  2.15%, 13.57%,  6.46%, 36.87%, 16.84%,  0.00%,  0.07%,  1.55%,  5.72%,  0.03%,  0.51%,  2.36%,  7.41%, 81537.36, 13084.77, 5930.77, 139205.84 , 16, 235, 98.43, 83, 199, 116.09, 76, 169, 138.13, 0.00%, 25.00%,0.00%, 0.00%, 50.00%, 25.00%, 0.00%, 0.00%, 0.00%, 1.86%, 7.91%,0.00%, 35.81%, 24.65%, 6.98%, 8.37%, 7.21%, 7.21%, 1.39%, 16.09%,0.00%, 35.23%, 20.67%, 5.34%, 6.73%, 6.93%, 7.63%, 3.64%, 18.93%,0.00%, 22.82%, 30.34%, 2.94%, 6.97%, 3.37%, 11.00%,0.00%, 0.0, 40.3, 107.4, 29.1, 243.6, 0.0, 1382.7, 2.607, 22
43, B-SLICE,   11, 33.00,      20088, 0,3.40,34.876, 39.096, 40.891, 36.155,55, 9 7 3 ,12 , 0.00%,  0.00%,  0.00%, 0.00%,  0.00%,  0.00%, 0.00%,  0.00%,  0.00%, 0.00%,  0.00%,  0.00%, 0.00%,  0.76%,  0.68%, 13.99%,  6.11%, 12.30%,  8.99%, 14.25%, 11.03%,  0.00%,  1.44%,  5.51%,  6.11%,  0.25%,  4.50%,  4.75%,  9.33%, 82334.44, 12770.99, 6964.18, 91068.41 , 16, 235, 98.69, 83, 186, 116.14, 74, 168, 138.09, 0.00%, 15.00%,0.00%, 40.00%, 5.00%, 5.00%, 20.00%, 7.50%, 7.50%, 0.00%, 20.77%,0.00%, 51.93%, 5.93%, 4.45%, 8.01%, 2.97%, 5.93%, 0.00%, 32.53%,0.00%, 31.99%, 6.99%, 5.91%, 11.29%, 3.23%, 8.06%, 0.00%, 37.92%,0.00%, 19.79%, 15.21%, 4.90%, 6.98%, 4.58%, 10.62%,0.00%, 0.0, 78.0, 79.6, 41.1, 132.5, 9.5, 1422.6, 2.200, 26
44, b-SLICE,   10, 34.00,      10320, 0,3.54,34.817, 39.169, 40.982, 36.131,57, 9 7 ,11 12 , 0.00%,  0.00%,  0.00%, 0.00%,  0.00%,  0.00%, 0.00%,  0.00%,  0.00%, 0.00%,  0.00%,  0.00%, 0.00%,  2.76%,  2.61%, 21.20%, 10.75%,  6.45%,  5.99%,  7.68%,  7.68%,  0.00%,  3.53%,  4.61%,  3.99%,  1.23%,  9.06%,  5.99%,  6.45%, 82840.60, 12537.00, 7867.56, 86298.48 , 16, 235, 98.93, 82, 188, 116.19, 80, 168, 138.09, 0.00%, 18.60%,0.00%, 41.86%, 0.00%, 6.98%, 16.28%, 2.33%, 13.95%, 0.00%, 25.62%,0.00%, 50.94%, 1.56%, 2.34%, 7.97%, 1.88%, 9.69%, 0.00%, 46.00%,0.00%, 25.33%, 2.67%, 3.67%, 11.67%, 2.33%, 8.33%, 0.00%, 40.48%,0.00%, 19.64%, 10.12%, 2.68%, 10.42%, 4.17%, 12.50%,0.00%, 0.0, 93.7, 50.4, 18.4, 114.0, 0.0, 1470.5, 2.578, 31
45, P-SLICE,   16, 32.00,      82400, 0,3.58,34.983, 39.134, 40.530, 36.195,51, 12 11 9 7 , -, 0.00%,  0.00%,  0.00%, 0.04%,  0.00%,  0.11%, 0.14%,  0.11%,  1.38%, 0.50%,  0.28%,  3.51%, 0.00%,  0.04%,  0.14%,  3.12%,  2.63%, 16.90%,  6.96%, 36.46%, 13.03%,  0.00%,  0.07%,  1.38%,  4.65%,  0.00%,  0.18%,  1.92%,  6.46%, 82773.83, 13662.02, 6249.84, 168818.67 , 16, 235, 97.13, 82, 189, 115.95, 59, 168, 138.27, 0.00%, 0.00%,0.00%, 0.00%, 20.00%, 40.00%, 0.00%, 40.00%, 0.00%, 1.97%, 3.45%,0.00%, 34.98%, 23.15%, 9.11%, 2.22%, 16.75%, 8.37%, 5.67%, 11.47%,0.00%, 32.06%, 26.63%, 5.61%, 5.12%, 7.27%, 6.17%, 6.62%, 17.12%,0.00%, 26.97%, 29.21%, 2.27%, 6.97%, 3.17%, 7.66%,0.00%, 0.0, 69.9, 109.6, 18.7, 283.5, 0.0, 1497.5, 2.956, 24
46, B-SLICE,   14, 33.00,      27224, 0,3.30,34.909, 39.163, 40.896, 36.189,53, 12 11 7 ,16 , 0.00%,  0.00%,  0.00%, 0.00%,  0.00%,  0.00%, 0.00%,  0.00%,  0.00%, 0.00%,  0.00%,  0.00%, 0.00%,  0.49%,  0.35%, 12.05%,  4.79%, 17.05%,  7.05%, 18.04%, 12.19%,  0.00%,  0.85%,  4.72%,  5.43%,  0.21%,  2.75%,  5.14%,  8.88%, 81915.96, 12648.32, 7331.33, 95452.98 , 16, 235, 97.76, 81, 201, 116.00, 71, 168, 138.24, 0.00%, 20.00%,0.00%, 46.67%, 0.00%, 6.67%, 6.67%, 6.67%, 13.33%, 0.00%, 15.94%,0.00%, 54.69%, 8.12%, 6.09%, 6.41%, 3.12%, 5.62%, 0.00%, 29.05%,0.00%, 38.38%, 11.83%, 3.84%, 6.74%, 3.01%, 7.16%, 0.00%, 32.12%,0.00%, 24.21%, 16.30%, 4.98%, 7.83%, 3.24%, 11.31%,0.00%, 0.0, 134.4, 85.8, 39.5, 163.4, 0.0, 1545.1, 2.370, 27
47, b-SLICE,   13, 34.00,      11152, 0,3.38,34.849, 39.148, 40.967, 36.151,54, 12 11 ,14 16 , 0.00%,  0.00%,  0.00%, 0.00%,  0.00%,  0.00%, 0.00%,  0.00%,  0.00%, 0.00%,  0.00%,  0.00%, 0.00%,  3.33%,  1.59%, 26.03%, 10.00%, 11.90%,  5.87%,  5.24%,  4.29%,  0.00%,  4.13%,  5.24%,  2.86%,  0.79%,  9.84%,  5.40%,  3.49%, 82215.22, 12591.44, 8091.27, 86472.34 , 16, 235, 98.11, 82, 194, 116.05, 67, 168, 138.20, 0.00%, 13.89%,0.00%, 55.56%, 2.78%, 1.39%, 9.72%, 6.94%, 9.72%, 0.00%, 25.51%,0.00%, 54.20%, 2.03%, 3.62%, 7.10%, 2.17%, 5.36%, 0.00%, 37.43%,0.00%, 36.87%, 5.03%, 1.96%, 6.98%, 3.07%, 8.66%, 0.00%, 40.00%,0.00%, 19.00%, 14.00%, 5.00%, 6.00%, 5.00%, 11.00%,0.00%, 0.0, 136.5, 62.5, 31.9, 126.4, 3.2, 1578.6, 2.741, 17
48, b-SLICE,   15, 34.00,       9968, 0,3.30,34.815, 39.151, 40.828, 36.109,52, 14 12 11 ,16 , 0.00%,  0.00%,  0.00%, 0.00%,  0.00%,  0.00%, 0.00%,  0.00%,  0.00%, 0.00%,  0.00%,  0.00%, 0.00%,  3.32%,  1.36%, 23.38%,  7.69%, 10.41%,  6.94%,  6.79%,  4.83%,  0.00%,  4.68%,  4.22%,  3.02%,  1.36%,  8.30%,  8.45%,  5.28%, 83012.83, 12748.65, 8024.84, 85951.16 , 16, 235, 97.35, 82, 192, 115.94, 72, 169, 138.23, 0.00%, 22.50%,0.00%, 52.50%, 2.50%, 2.50%, 10.00%, 5.00%, 5.00%, 0.00%, 26.71%,0.00%, 53.42%, 4.04%, 2.17%, 5.59%, 2.48%, 5.59%, 0.00%, 42.21%,0.00%, 29.15%, 5.53%, 3.27%, 7.29%, 2.26%, 10.30%, 0.00%, 41.67%,0.00%, 21.21%, 12.88%, 1.89%, 6.44%, 4.55%, 11.36%,0.00%, 0.0, 100.6, 62.6, 31.9, 101.1, 8.5, 1572.7, 2.289, 34
49, P-SLICE,   21, 32.00,      83528, 0,3.39,34.918, 39.048, 40.571, 36.141,46, 16 14 12 11 , -, 0.00%,  0.00%,  0.00%, 0.00%,  0.00%,  0.14%, 0.07%,  0.07%,  0.90%, 0.31%,  0.28%,  5.02%, 0.00%,  0.07%,  0.10%,  3.18%,  2.49%, 13.98%,  6.61%, 36.41%, 15.30%,  0.00%,  0.10%,  0.93%,  3.84%,  0.00%,  0.45%,  2.77%,  6.96%, 84082.38, 13406.39, 6247.21, 164869.32 , 16, 235, 96.05, 81, 202, 115.91, 88, 168, 138.34, 0.00%, 0.00%,0.00%, 20.00%, 20.00%, 20.00%, 0.00%, 20.00%, 20.00%, 1.87%, 7.48%,0.00%, 37.38%, 19.63%, 8.18%, 5.37%, 13.55%, 6.54%, 4.10%, 14.62%,0.00%, 31.83%, 23.36%, 7.99%, 6.22%, 6.08%, 5.81%, 8.23%, 15.85%,0.00%, 23.93%, 29.52%, 2.74%, 7.01%, 3.28%, 9.43%,0.00%, 0.0, 69.5, 123.9, 31.9, 304.9, 0.0, 1585.8, 3.022, 15
50, B-SLICE,   19, 33.00,      29736, 0,3.42,34.742, 39.132, 40.745, 36.041,48, 16 14 11 ,21 , 0.00%,  0.00%,  0.00%, 0.00%,  0.00%,  0.00%, 0.00%,  0.00%,  0.00%, 0.00%,  0.00%,  0.00%, 0.00%,  0.25%,  0.43%,  9.03%,  4.39%, 13.91%,  8.78%, 19.98%, 10.88%,  0.00%,  1.11%,  5.69%,  7.42%,  0.12%,  2.23%,  5.81%,  9.96%, 85377.86, 12881.87, 7133.92, 104700.48 , 16, 235, 96.46, 82, 185, 115.90, 77, 168, 138.31, 0.00%, 15.38%,0.00%, 23.08%, 7.69%, 11.54%, 3.85%, 19.23%, 19.23%, 0.00%, 17.94%,0.00%, 51.16%, 7.31%, 6.81%, 6.81%, 5.32%, 4.65%, 0.00%, 33.63%,0.00%, 32.37%, 8.32%, 5.33%, 10.04%, 3.07%, 7.23%, 0.00%, 36.03%,0.00%, 20.64%, 20.77%, 3.91%, 5.58%, 3.78%, 9.29%,0.00%, 0.0, 83.1, 96.3, 48.2, 188.8, 1.0, 1667.5, 2.444, 15
51, b-SLICE,   17, 34.00,      13584, 0,3.40,34.687, 39.194, 40.699, 36.002,50, 16 14 ,19 21 , 0.00%,  0.00%,  0.00%, 0.00%,  0.00%,  0.00%, 0.00%,  0.00%,  0.00%, 0.00%,  0.00%,  0.00%, 0.00%,  1.54%,  0.95%, 18.09%,  9.93%, 12.06%,  8.75%,  6.38%,  9.81%,  0.00%,  3.07%,  4.37%,  3.55%,  0.95%,  5.79%,  6.62%,  8.16%, 85800.36, 12829.73, 7707.56, 91147.09 , 16, 235, 96.92, 81, 192, 115.91, 75, 169, 138.30, 0.00%, 27.59%,0.00%, 44.83%, 0.00%, 3.45%, 6.90%, 5.17%, 12.07%, 0.00%, 21.93%,0.00%, 47.95%, 5.56%, 3.22%, 8.48%, 5.41%, 7.46%, 0.00%, 34.57%,0.00%, 30.86%, 7.06%, 6.51%, 10.22%, 2.97%, 7.81%, 0.00%, 41.95%,0.00%, 13.14%, 9.75%, 2.75%, 14.19%, 2.97%, 15.25%,0.00%, 0.0, 108.5, 55.5, 26.6, 108.8, 0.0, 1702.5, 2.356, 18
52, b-SLICE,   18, 34.00,      15456, 0,3.39,34.606, 39.173, 40.755, 35.946,49, 16 14 ,19 21 , 0.00%,  0.00%,  0.00%, 0.00%,  0.00%,  0.00%, 0.00%,  0.00%,  0.00%, 0.00%,  0.00%,  0.00%, 0.00%,  2.03%,  0.79%, 15.82%, 10.06%, 13.11%,  8.47%,  8.14%,  9.72%,  0.00%,  2.82%,  3.73%,  4.97%,  0.56%,  5.54%,  6.33%,  7.91%, 87368.47, 12797.83, 7775.59, 94836.21 , 16, 235, 96.66, 82, 196, 115.91, 67, 168, 138.30, 0.00%, 16.67%,0.00%, 60.00%, 0.00%, 6.67%, 6.67%, 6.67%, 3.33%, 0.00%, 22.22%,0.00%, 46.85%, 4.20%, 4.95%, 9.16%, 4.50%, 8.11%, 0.00%, 31.79%,0.00%, 32.14%, 9.29%, 3.39%, 13.39%, 2.86%, 7.14%, 0.00%, 41.91%,0.00%, 16.91%, 9.56%, 3.49%, 9.38%, 6.62%, 12.13%,0.00%, 0.0, 78.7, 61.4, 26.6, 140.3, 0.0, 1705.7, 2.696, 23
53, b-SLICE,   20, 34.00,       9472, 0,3.39,34.727, 39.189, 40.767, 36.040,47, 19 16 14 ,21 , 0.00%,  0.00%,  0.00%, 0.00%,  0.00%,  0.00%, 0.00%,  0.00%,  0.00%, 0.00%,  0.00%,  0.00%, 0.00%,  3.90%,  1.95%, 23.40%, 11.88%,  7.45%,  6.03%,  7.09%,  4.43%,  0.00%,  6.03%,  1.95%,  1.95%,  1.77%, 12.06%,  6.56%,  3.55%, 84707.93, 12755.13, 7978.35, 88130.12 , 16, 235, 96.29, 82, 193, 115.93, 88, 168, 138.36, 0.00%, 23.26%,0.00%, 48.84%, 2.33%, 2.33%, 4.65%, 3.49%, 15.12%, 0.00%, 30.82%,0.00%, 47.13%, 1.81%, 2.11%, 9.67%, 2.57%, 5.89%, 0.00%, 38.71%,0.00%, 25.00%, 8.87%, 2.42%, 9.68%, 4.03%, 11.29%, 0.00%, 32.29%,0.00%, 26.04%, 15.62%, 1.04%, 6.25%, 6.25%, 12.50%,0.00%, 0.0, 78.7, 61.5, 26.6, 98.8, 0.6, 1667.8, 2.437, 28
54, P-SLICE,   27, 32.00,      93936, 0,3.29,34.795, 38.858, 40.579, 36.026,40, 21 19 16 14 , -, 0.00%,  0.00%,  0.00%, 0.00%,  0.07%,  0.25%, 0.14%,  0.04%,  1.23%, 0.60%,  0.18%,  5.74%, 0.00%,  0.14%,  0.11%,  3.48%,  2.64%, 15.63%,  6.09%, 39.18%, 14.82%,  0.00%,  0.04%,  0.46%,  4.36%,  0.00%,  0.07%,  0.92%,  3.84%, 86712.85, 14287.74, 6610.67, 178891.04 , 16, 235, 96.89, 82, 205, 115.42, 77, 168, 138.67, 0.00%, 0.00%,0.00%, 28.57%, 28.57%, 21.43%, 7.14%, 14.29%, 0.00%, 4.17%, 1.39%,0.00%, 37.04%, 22.69%, 8.56%, 5.79%, 14.58%, 5.79%, 5.75%, 5.60%,0.00%, 31.61%, 32.18%, 6.54%, 4.53%, 8.12%, 5.68%, 9.48%, 11.94%,0.00%, 28.33%, 28.69%, 3.07%, 7.07%, 3.05%, 8.38%,0.00%, 0.0, 17.3, 115.4, 26.9, 318.9, 0.0, 1449.6, 3.393, 21
55, B-SLICE,   24, 33.00,      34752, 0,3.36,34.760, 39.139, 40.776, 36.059,43, 21 19 14 ,27 , 0.00%,  0.00%,  0.00%, 0.00%,  0.00%,  0.00%, 0.00%,  0.00%,  0.00%, 0.00%,  0.00%,  0.00%, 0.00%,  0.37%,  0.43%,  9.46%,  3.83%, 14.72%,  8.66%, 23.07%, 14.16%,  0.00%,  1.18%,  4.76%,  7.73%,  0.19%,  1.86%,  4.33%,  5.26%, 85034.97, 12832.13, 7533.37, 105881.37 , 16, 235, 96.16, 81, 191, 115.72, 106, 168, 138.48, 0.00%, 18.75%,0.00%, 37.50%, 0.00%, 6.25%, 18.75%, 0.00%, 18.75%, 0.00%, 16.67%,0.00%, 56.80%, 5.44%, 2.04%, 6.46%, 5.61%, 6.97%, 0.00%, 28.00%,0.00%, 37.90%, 7.43%, 4.10%, 9.62%, 3.62%, 9.33%, 0.00%, 25.86%,0.00%, 26.48%, 19.46%, 4.19%, 9.48%, 3.63%, 10.90%,0.00%, 0.0, 35.7, 105.9, 48.6, 201.1, 0.0, 1619.7, 2.333, 24
56, b-SLICE,   22, 34.00,      13680, 0,3.45,34.693, 39.218, 40.753, 36.016,45, 21 19 ,24 27 , 0.00%,  0.00%,  0.00%, 0.00%,  0.00%,  0.00%, 0.00%,  0.00%,  0.00%, 0.00%,  0.00%,  0.00%, 0.00%,  1.08%,  1.19%, 13.74%,  9.63%, 11.69%,  8.98%,  9.09%,  9.85%,  0.00%,  1.84%,  7.25%,  7.47%,  0.97%,  6.60%,  5.84%,  4.76%, 85515.86, 12723.56, 7877.03, 89920.56 , 16, 235, 96.00, 82, 185, 115.87, 82, 168, 138.37, 0.00%, 30.00%,0.00%, 30.00%, 3.33%, 8.33%, 11.67%, 1.67%, 15.00%, 0.00%, 24.07%,0.00%, 44.75%, 3.70%, 6.48%, 9.26%, 4.01%, 7.72%, 0.00%, 38.78%,0.00%, 29.17%, 5.45%, 3.21%, 9.94%, 3.85%, 9.62%, 0.00%, 39.24%,0.00%, 18.40%, 10.76%, 2.78%, 12.85%, 3.82%, 12.15%,0.00%, 0.0, 74.7, 72.8, 37.7, 120.7, 7.4, 1803.3, 2.311, 26
57, b-SLICE,   23, 34.00,      14960, 0,3.31,34.604, 39.182, 40.773, 35.947,44, 21 19 ,24 27 , 0.00%,  0.00%,  0.00%, 0.00%,  0.00%,  0.00%, 0.00%,  0.00%,  0.00%, 0.00%,  0.00%,  0.00%, 0.00%,  0.99%,  1.19%, 13.59%,  7.44%, 13.29%, 10.62%, 10.42%,  7.84%,  0.00%,  2.48%,  5.06%,  4.76%,  0.69%,  4.37%,  7.74%,  9.52%, 87410.80, 12760.91, 7956.00, 93079.75 , 16, 235, 96.03, 83, 191, 115.80, 94, 168, 138.42, 0.00%, 24.14%,0.00%, 34.48%, 0.00%, 5.17%, 5.17%, 8.62%, 22.41%, 0.00%, 22.19%,0.00%, 50.16%, 3.54%, 5.47%, 10.29%, 4.02%, 4.34%, 0.00%, 34.86%,0.00%, 29.19%, 7.03%, 4.32%, 9.73%, 3.51%, 11.35%, 0.00%, 43.90%,0.00%, 21.34%, 10.67%, 2.90%, 5.64%, 4.12%, 11.43%,0.00%, 0.0, 68.8, 72.9, 37.7, 128.4, 4.1, 1800.2, 2.289, 23
58, b-SLICE,   25, 34.00,      14272, 0,3.17,34.508, 39.062, 40.722, 35.854,42, 24 21 19 ,27 , 0.00%,  0.00%,  0.00%, 0.00%,  0.00%,  0.00%, 0.00%,  0.00%,  0.00%, 0.00%,  0.00%,  0.00%, 0.00%,  2.45%,  1.23%, 15.38%,  7.02%, 10.03%,  8.36%,  9.03%, 10.37%,  0.00%,  2.34%,  5.91%,  8.03%,  0.56%,  5.24%,  6.69%,  7.36%, 89451.19, 13032.91, 8368.72, 95484.84 , 16, 235, 96.39, 81, 183, 115.58, 111, 169, 138.54, 0.00%, 13.16%,0.00%, 55.26%, 2.63%, 5.26%, 7.89%, 3.95%, 11.84%, 0.00%, 22.74%,0.00%, 52.51%, 3.68%, 3.34%, 6.02%, 4.01%, 7.69%, 0.00%, 40.65%,0.00%, 25.54%, 6.83%, 4.32%, 8.99%, 3.96%, 9.71%, 0.00%, 44.23%,0.00%, 15.71%, 10.26%, 3.04%, 10.74%, 3.37%, 12.66%,0.00%, 0.0, 68.8, 73.0, 37.7, 132.6, 2.5, 1604.8, 2.563, 25
59, b-SLICE,   26, 34.00,      13024, 0,3.45,34.465, 38.999, 40.665, 35.807,41, 24 21 19 ,27 , 0.00%,  0.00%,  0.00%, 0.00%,  0.00%,  0.00%, 0.00%,  0.00%,  0.00%, 0.00%,  0.00%,  0.00%, 0.00%,  1.81%,  1.08%, 15.28%, 11.55%, 11.19%,  8.78%,  7.10%,  7.82%,  0.00%,  4.33%,  4.93%,  5.29%,  0.72%,  5.90%,  7.94%,  6.26%, 90233.00, 13217.36, 8056.73, 95960.07 , 16, 235, 96.60, 81, 187, 115.53, 115, 168, 138.61, 0.00%, 20.00%,0.00%, 50.00%, 0.00%, 5.00%, 8.33%, 6.67%, 10.00%, 0.00%, 25.15%,0.00%, 43.20%, 3.25%, 6.36%, 9.91%, 4.59%, 7.54%, 0.00%, 39.19%,0.00%, 28.21%, 5.86%, 5.49%, 9.89%, 4.58%, 6.78%, 0.00%, 43.64%,0.00%, 17.73%, 9.09%, 5.23%, 7.95%, 6.59%, 9.77%,0.00%, 0.0, 14.8, 76.2, 37.7, 140.7, 5.8, 1570.7, 2.452, 31
60, P-SLICE,   31, 32.00,      83296, 0,3.31,34.672, 38.755, 40.434, 35.902,36, 27 24 21 19 , -, 0.00%,  0.00%,  0.00%, 0.04%,  0.00%,  0.22%, 0.26%,  0.04%,  0.95%, 0.11%,  0.22%,  3.95%, 0.00%,  0.15%,  0.18%,  3.62%,  2.71%, 15.95%,  6.59%, 36.59%, 16.03%,  0.00%,  0.00%,  0.88%,  4.76%,  0.00%,  0.11%,  1.13%,  5.53%, 88855.83, 14463.43, 6794.15, 166739.50 , 16, 235, 98.93, 83, 201, 115.00, 78, 169, 138.87, 0.00%, 0.00%,0.00%, 33.33%, 11.11%, 11.11%, 11.11%, 27.78%, 5.56%, 3.29%, 1.41%,0.00%, 33.33%, 27.23%, 7.98%, 4.69%, 15.49%, 6.57%, 4.82%, 7.80%,0.00%, 26.10%, 35.74%, 6.31%, 5.89%, 6.81%, 6.52%, 6.37%, 15.31%,0.00%, 21.79%, 32.68%, 2.81%, 8.25%, 2.78%, 10.02%,0.00%, 2.1, 6.6, 109.0, 0.2, 291.5, 0.0, 1542.6, 3.044, 18
61, B-SLICE,   29, 33.00,      25896, 0,3.30,34.672, 38.956, 40.666, 35.957,38, 27 24 19 ,31 , 0.00%,  0.00%,  0.00%, 0.00%,  0.00%,  0.00%, 0.00%,  0.00%,  0.00%, 0.00%,  0.00%,  0.00%, 0.00%,  0.70%,  0.08%, 13.15%,  5.03%, 14.93%,  7.19%, 18.25%, 12.22%,  0.00%,  2.17%,  3.94%,  6.19%,  0.54%,  3.25%,  5.41%,  6.96%, 86454.87, 13292.88, 7913.98, 103511.59 , 16, 235, 97.97, 82, 206, 115.19, 78, 169, 138.80, 0.00%, 41.18%,0.00%, 52.94%, 0.00%, 0.00%, 0.00%, 2.94%, 2.94%, 0.00%, 20.90%,0.00%, 53.13%, 6.57%, 3.73%, 4.63%, 3.13%, 7.91%, 0.00%, 29.73%,0.00%, 37.35%, 10.07%, 3.44%, 7.13%, 3.32%, 8.97%, 0.00%, 30.14%,0.00%, 23.58%, 18.26%, 5.41%, 7.00%, 4.08%, 11.52%,0.00%, 0.0, 37.9, 119.7, 42.8, 174.3, 5.4, 1690.6, 2.356, 24
62, b-SLICE,   28, 34.00,       7984, 0,3.36,34.636, 39.037, 40.745, 35.950,39, 27 24 ,29 31 , 0.00%,  0.00%,  0.00%, 0.00%,  0.00%,  0.00%, 0.00%,  0.00%,  0.00%, 0.00%,  0.00%,  0.00%, 0.00%,  3.45%,  3.83%, 18.97%, 16.86%,  4.79%,  8.05%,  3.83%,  2.87%,  0.00%,  4.21%,  5.36%,  1.53%,  1.92%, 13.79%,  7.28%,  3.26%, 86195.38, 13049.83, 8802.88, 89513.09 , 16, 235, 97.28, 82, 202, 115.31, 77, 169, 138.74, 0.00%, 20.83%,0.00%, 35.42%, 2.08%, 1.04%, 28.12%, 2.08%, 10.42%, 0.00%, 30.23%,0.00%, 40.19%, 1.29%, 1.77%, 11.41%, 2.57%, 12.54%, 0.00%, 49.62%,0.00%, 15.04%, 3.76%, 3.01%, 13.53%, 2.63%, 12.41%, 0.00%, 41.67%,0.00%, 18.33%, 15.00%, 5.00%, 6.67%, 5.00%, 8.33%,0.00%, 0.0, 101.8, 55.8, 27.9, 83.6, 6.1, 1693.1, 2.467, 31
63, b-SLICE,   30, 34.00,      10152, 0,3.21,34.551, 38.951, 40.659, 35.865,37, 29 27 24 ,31 , 0.00%,  0.00%,  0.00%, 0.00%,  0.00%,  0.00%, 0.00%,  0.00%,  0.00%, 0.00%,  0.00%,  0.00%, 0.00%,  3.56%,  1.78%, 20.87%,  9.39%,  7.77%,  6.80%,  6.47%,  6.31%,  0.00%,  4.21%,  2.91%,  3.72%,  2.27%, 10.19%,  6.31%,  7.44%, 88060.69, 13312.00, 8721.90, 94828.28 , 16, 235, 98.46, 83, 184, 115.12, 117, 170, 138.87, 0.00%, 29.79%,0.00%, 46.81%, 0.00%, 1.06%, 9.57%, 3.19%, 9.57%, 0.00%, 29.08%,0.00%, 50.00%, 1.96%, 2.45%, 8.01%, 1.80%, 6.70%, 0.00%, 38.78%,0.00%, 29.93%, 2.72%, 2.72%, 8.84%, 5.44%, 11.56%, 0.00%, 46.62%,0.00%, 17.57%, 9.46%, 3.04%, 3.04%, 5.41%, 14.86%,0.00%, 0.0, 101.8, 55.8, 27.9, 102.6, 2.4, 1659.5, 2.489, 31
64, I-SLICE,    0, 29.00,     282424, 0,3.66,37.246, 39.585, 40.943, 38.001,35,  -, -, 0.00%,  0.00%,  0.00%, 0.16%,  0.02%,  0.74%, 1.78%,  0.48%,  6.85%, 6.76%,  2.63%, 35.03%,45.56%,  0.00%,  0.00%,  0.00%,  0.00%,  0.00%,  0.00%,  0.00%,  0.00%,  0.00%,  0.00%,  0.00%,  0.00%,  0.00%,  0.00%,  0.00%,  0.00%, 49042.83, 12632.88, 5068.83, 364254.38 , 16, 235, 99.21, 83, 197, 114.95, 80, 170, 138.88, 0.00%, 0.00%,0.00%, 0.00%, 0.00%, 0.00%, 0.00%, 0.00%, 0.00%, 63.86%, 0.00%,0.00%, 36.14%, 0.00%, 0.00%, 0.00%, 0.00%, 0.00%, 100.00%, 0.00%,0.00%, 0.00%, 0.00%, 0.00%, 0.00%, 0.00%, 0.00%, 100.00%, 0.00%,0.00%, 0.00%, 0.00%, 0.00%, 0.00%, 0.00%, 0.00%,100.00%, 0.0, 0.0, 188.3, 0.0, 514.2, 0.0, 1629.7, 3.185, 27
65, P-SLICE,    4, 32.00,      69200, 0,3.34,35.212, 39.083, 40.638, 36.374,31, 0 , -, 0.00%,  0.00%,  0.00%, 0.00%,  0.04%,  0.15%, 0.18%,  0.11%,  0.92%, 0.07%,  0.18%,  2.86%, 0.00%,  0.07%,  0.04%,  2.67%,  3.30%, 15.60%,  9.45%, 28.94%, 17.91%,  0.00%,  0.04%,  1.79%,  5.86%,  0.00%,  0.37%,  3.15%,  6.30%, 78559.19, 13393.98, 5880.47, 156487.20 , 16, 235, 100.28, 81, 204, 114.89, 84, 170, 138.89, 0.00%, 0.00%,0.00%, 0.00%, 66.67%, 0.00%, 0.00%, 0.00%, 33.33%, 2.39%, 5.26%,0.00%, 30.62%, 18.66%, 10.05%, 6.22%, 14.83%, 11.96%, 3.87%, 15.85%,0.00%, 28.99%, 21.01%, 6.63%, 5.58%, 11.38%, 6.69%, 5.01%, 19.58%,0.00%, 21.40%, 25.18%, 5.40%, 10.05%, 4.83%, 8.55%,0.00%, 69.3, 4.4, 71.0, 26.2, 175.3, 0.0, 1531.5, 2.837, 27
66, B-SLICE,    2, 33.00,      25928, 0,3.20,35.406, 39.374, 40.894, 36.588,33, 0 ,4 , 0.00%,  0.00%,  0.00%, 0.00%,  0.00%,  0.00%, 0.00%,  0.00%,  0.00%, 0.00%,  0.00%,  0.00%, 0.00%,  0.21%,  0.07%, 11.78%,  6.79%, 13.72%,  9.63%, 13.65%, 15.87%,  0.00%,  1.11%,  2.91%,  5.13%,  0.07%,  3.40%,  6.24%,  9.42%, 73022.53, 12290.29, 6717.81, 89048.18 , 16, 235, 100.06, 82, 203, 114.90, 76, 170, 138.90, 0.00%, 20.00%,0.00%, 40.00%, 20.00%, 0.00%, 0.00%, 0.00%, 20.00%, 0.00%, 17.91%,0.00%, 43.25%, 11.85%, 4.27%, 6.20%, 6.75%, 9.78%, 0.00%, 28.14%,0.00%, 33.90%, 8.32%, 6.40%, 8.10%, 6.40%, 8.74%, 0.00%, 33.02%,0.00%, 18.24%, 12.74%, 7.31%, 12.50%, 4.80%, 11.40%,0.00%, 0.0, 43.3, 64.2, 26.3, 115.1, 1.6, 1600.2, 2.178, 23
67, b-SLICE,    1, 34.00,       8488, 0,3.24,35.743, 39.446, 40.936, 36.855,34, 0 ,2 4 , 0.00%,  0.00%,  0.00%, 0.00%,  0.00%,  0.00%, 0.00%,  0.00%,  0.00%, 0.00%,  0.00%,  0.00%, 0.00%,  0.14%,  0.42%, 16.53%, 16.53%,  5.37%,  7.49%,  3.11%,  6.21%,  0.00%,  5.37%,  4.52%,  2.68%,  1.13%, 19.63%,  7.63%,  3.25%, 66858.83, 12123.81, 7220.73, 70834.33 , 16, 235, 99.65, 81, 202, 114.90, 79, 169, 138.89, 0.00%, 66.67%,0.00%, 8.33%, 0.00%, 0.00%, 0.00%, 8.33%, 16.67%, 0.00%, 40.14%,0.00%, 32.43%, 0.91%, 2.61%, 11.68%, 3.97%, 8.28%, 0.00%, 48.59%,0.00%, 18.64%, 2.82%, 4.24%, 13.28%, 3.11%, 9.32%, 0.00%, 38.89%,0.00%, 12.96%, 7.41%, 3.24%, 8.80%, 9.72%, 18.98%,0.00%, 0.0, 81.5, 51.5, 24.9, 90.1, 8.1, 1668.2, 2.615, 38
68, b-SLICE,    3, 34.00,      10848, 0,3.09,35.047, 39.245, 40.753, 36.285,32, 2 0 ,4 , 0.00%,  0.00%,  0.00%, 0.00%,  0.00%,  0.00%, 0.00%,  0.00%,  0.00%, 0.00%,  0.00%,  0.00%, 0.00%,  2.57%,  1.76%, 15.58%,  9.89%, 10.57%, 10.57%,  8.13%,  5.96%,  0.00%,  3.25%,  4.47%,  2.44%,  1.49%,  7.05%,  8.40%,  7.86%, 78592.40, 12675.90, 7684.21, 81710.19 , 16, 235, 100.22, 81, 197, 114.86, 80, 170, 138.87, 0.00%, 25.58%,0.00%, 37.21%, 6.98%, 4.65%, 11.63%, 3.49%, 10.47%, 0.00%, 25.85%,0.00%, 46.26%, 3.06%, 3.57%, 12.41%, 1.36%, 7.48%, 0.00%, 37.85%,0.00%, 27.09%, 3.98%, 4.18%, 12.55%, 3.19%, 11.16%, 0.00%, 42.22%,0.00%, 21.11%, 12.22%, 4.17%, 9.17%, 2.50%, 8.61%,0.00%, 0.0, 81.5, 53.9, 24.8, 102.4, 6.7, 1597.8, 2.563, 23
69, P-SLICE,    8, 32.00,      80800, 0,3.34,34.932, 39.067, 40.611, 36.159,27, 4 2 0 , -, 0.00%,  0.00%,  0.00%, 0.08%,  0.00%,  0.19%, 0.08%,  0.00%,  1.34%, 0.46%,  0.27%,  3.80%, 0.00%,  0.04%,  0.04%,  4.30%,  3.34%, 17.17%,  7.53%, 33.26%, 15.44%,  0.00%,  0.15%,  1.11%,  4.95%,  0.00%,  0.12%,  1.38%,  4.95%, 83554.36, 13436.77, 6306.45, 182149.27 , 16, 235, 101.46, 80, 195, 114.66, 73, 170, 139.07, 0.00%, 0.00%,0.00%, 50.00%, 0.00%, 0.00%, 0.00%, 50.00%, 0.00%, 2.88%, 2.88%,0.00%, 35.39%, 23.05%, 10.29%, 6.17%, 13.99%, 5.35%, 4.97%, 8.72%,0.00%, 29.80%, 30.20%, 6.64%, 6.51%, 7.25%, 5.91%, 7.18%, 15.69%,0.00%, 23.97%, 28.71%, 3.53%, 8.03%, 3.80%, 9.09%,0.00%, 0.2, 47.3, 96.6, 24.9, 241.1, 0.0, 1504.5, 3.044, 28
70, B-SLICE,    6, 33.00,      27672, 0,3.24,34.966, 39.258, 40.790, 36.231,29, 4 2 0 ,8 , 0.00%,  0.00%,  0.00%, 0.00%,  0.00%,  0.00%, 0.00%,  0.00%,  0.00%, 0.00%,  0.00%,  0.00%, 0.00%,  0.74%,  0.22%, 12.03%,  4.38%, 15.00%, 10.24%, 18.26%, 12.32%,  0.00%,  1.86%,  3.93%,  6.68%,  0.37%,  3.12%,  4.45%,  6.38%, 80829.06, 12609.60, 7439.12, 96404.33 , 16, 235, 100.82, 82, 199, 114.76, 81, 169, 138.97, 0.00%, 27.78%,0.00%, 55.56%, 0.00%, 0.00%, 11.11%, 2.78%, 2.78%, 0.00%, 21.07%,0.00%, 56.29%, 4.09%, 1.57%, 7.55%, 3.30%, 6.13%, 0.00%, 24.94%,0.00%, 34.66%, 9.93%, 4.53%, 10.49%, 5.52%, 9.93%, 0.00%, 29.93%,0.00%, 25.17%, 16.67%, 4.51%, 8.42%, 3.66%, 11.65%,0.00%, 0.0, 73.0, 80.2, 32.5, 150.7, 1.1, 1587.9, 2.259, 23
71, b-SLICE,    5, 34.00,       9056, 0,3.25,34.899, 39.243, 40.784, 36.178,30, 4 2 ,6 8 , 0.00%,  0.00%,  0.00%, 0.00%,  0.00%,  0.00%, 0.00%,  0.00%,  0.00%, 0.00%,  0.00%,  0.00%, 0.00%,  3.35%,  3.02%, 17.09%, 13.74%,  7.20%,  9.38%,  6.20%,  5.53%,  0.00%,  2.18%,  3.52%,  2.51%,  1.51%, 13.07%,  6.53%,  5.19%, 81112.59, 12642.41, 8252.04, 83763.05 , 16, 235, 100.58, 83, 197, 114.81, 77, 169, 138.92, 0.00%, 19.15%,0.00%, 40.43%, 2.13%, 2.13%, 21.28%, 1.06%, 13.83%, 0.00%, 29.84%,0.00%, 41.31%, 1.97%, 2.13%, 11.64%, 3.11%, 10.00%, 0.00%, 37.74%,0.00%, 24.53%, 2.52%, 1.57%, 11.01%, 5.35%, 17.30%, 0.00%, 39.66%,0.00%, 18.10%, 13.79%, 3.02%, 10.78%, 3.88%, 10.78%,0.00%, 0.0, 83.5, 61.3, 32.3, 93.3, 8.6, 1667.8, 2.074, 30
72, b-SLICE,    7, 34.00,      10440, 0,3.23,34.698, 39.220, 40.740, 36.018,28, 6 4 2 ,8 , 0.00%,  0.00%,  0.00%, 0.00%,  0.00%,  0.00%, 0.00%,  0.00%,  0.00%, 0.00%,  0.00%,  0.00%, 0.00%,  3.72%,  1.86%, 21.86%,  9.46%, 10.39%,  8.06%,  4.19%,  6.82%,  0.00%,  5.27%,  4.81%,  2.17%,  1.09%,  7.13%,  6.51%,  6.67%, 85157.90, 12735.53, 8217.50, 89479.86 , 16, 235, 101.13, 80, 197, 114.72, 74, 170, 138.99, 0.00%, 16.28%,0.00%, 53.49%, 2.33%, 5.81%, 8.14%, 5.81%, 8.14%, 0.00%, 25.64%,0.00%, 50.00%, 4.81%, 3.21%, 6.41%, 3.53%, 6.41%, 0.00%, 38.02%,0.00%, 30.21%, 4.69%, 3.12%, 10.94%, 1.82%, 11.20%, 0.00%, 44.53%,0.00%, 9.38%, 11.72%, 2.34%, 7.03%, 4.30%, 20.70%,0.00%, 0.0, 58.0, 61.3, 32.3, 114.1, 1.7, 1580.1, 2.585, 37
73, P-SLICE,   10, 32.00,      57976, 0,3.31,34.807, 39.030, 40.584, 36.057,25, 8 6 4 2 , -, 0.00%,  0.00%,  0.00%, 0.00%,  0.00%,  0.00%, 0.00%,  0.00%,  0.28%, 0.23%,  0.09%,  1.63%, 0.00%,  0.09%,  0.19%,  5.64%,  4.52%, 15.24%,  8.53%, 27.46%, 13.52%,  0.00%,  0.19%,  1.07%,  3.82%,  0.05%,  0.84%,  5.55%, 11.05%, 85237.01, 13366.10, 6687.66, 150251.86 , 16, 235, 101.98, 79, 188, 114.53, 72, 170, 139.12, 0.00%, 14.29%,0.00%, 0.00%, 28.57%, 28.57%, 14.29%, 14.29%, 0.00%, 0.00%, 8.15%,0.00%, 35.19%, 20.74%, 6.85%, 6.85%, 13.70%, 8.52%, 0.91%, 21.58%,0.00%, 29.33%, 20.36%, 5.09%, 10.26%, 4.26%, 8.21%, 3.39%, 25.73%,0.00%, 19.60%, 27.90%, 2.78%, 9.56%, 2.42%, 8.63%,0.00%, 0.1, 55.5, 93.4, 32.3, 219.0, 0.0, 1608.0, 2.889, 35
74, b-SLICE,    9, 34.00,       8208, 0,3.23,34.677, 39.106, 40.654, 35.978,26, 8 6 2 ,10 , 0.00%,  0.00%,  0.00%, 0.00%,  0.00%,  0.00%, 0.00%,  0.00%,  0.00%, 0.00%,  0.00%,  0.00%, 0.00%,  2.43%,  1.94%, 18.28%, 14.24%,  7.28%, 10.52%,  4.85%,  6.47%,  0.00%,  4.05%,  2.75%,  0.97%,  1.46%, 15.21%,  5.02%,  4.53%, 85391.32, 13039.16, 8379.41, 87689.84 , 16, 235, 101.76, 80, 188, 114.56, 69, 170, 139.08, 0.00%, 25.00%,0.00%, 41.67%, 0.00%, 1.39%, 23.61%, 0.00%, 8.33%, 0.00%, 34.00%,0.00%, 38.86%, 2.00%, 1.86%, 12.43%, 1.86%, 9.00%, 0.00%, 30.38%,0.00%, 24.68%, 3.80%, 5.38%, 16.14%, 3.48%, 16.14%, 0.00%, 32.69%,0.00%, 21.15%, 7.69%, 9.13%, 13.94%, 3.37%, 12.02%,0.00%, 0.0, 72.7, 57.1, 31.0, 102.6, 2.6, 1633.0, 2.489, 38
75, P-SLICE,   14, 32.00,      81272, 0,3.35,34.752, 39.015, 40.435, 35.995,21, 10 8 6 2 , -, 0.00%,  0.00%,  0.00%, 0.00%,  0.04%,  0.15%, 0.15%,  0.04%,  0.84%, 0.77%,  0.50%,  5.02%, 0.00%,  0.11%,  0.23%,  3.30%,  3.22%, 17.59%,  6.70%, 34.75%, 14.75%,  0.00%,  0.04%,  1.07%,  3.52%,  0.00%,  0.31%,  1.99%,  4.90%, 87013.09, 13802.51, 6734.80, 168761.04 , 16, 235, 103.22, 81, 191, 114.33, 71, 170, 139.20, 0.00%, 0.00%,0.00%, 22.22%, 11.11%, 22.22%, 0.00%, 38.89%, 5.56%, 2.34%, 4.21%,0.00%, 30.37%, 23.83%, 9.81%, 5.61%, 16.36%, 7.48%, 3.64%, 10.80%,0.00%, 32.66%, 29.28%, 5.80%, 4.99%, 6.68%, 6.14%, 9.79%, 13.13%,0.00%, 21.78%, 32.34%, 3.37%, 9.40%, 2.51%, 7.70%,0.00%, 0.1, 26.6, 101.7, 31.0, 284.1, 0.0, 1559.5, 3.652, 32
76, B-SLICE,   12, 33.00,      26928, 0,3.38,34.652, 39.110, 40.602, 35.953,23, 10 8 6 ,14 , 0.00%,  0.00%,  0.00%, 0.00%,  0.00%,  0.00%, 0.00%,  0.00%,  0.00%, 0.00%,  0.00%,  0.00%, 0.00%,  0.80%,  0.32%, 12.65%,  5.57%, 15.27%,  9.15%, 16.15%, 11.46%,  0.00%,  1.75%,  5.09%,  4.53%,  0.40%,  3.34%,  5.25%,  8.27%, 86876.76, 13097.34, 7794.54, 99785.25 , 16, 235, 102.55, 82, 198, 114.45, 77, 170, 139.16, 0.00%, 26.32%,0.00%, 52.63%, 0.00%, 0.00%, 10.53%, 0.00%, 10.53%, 0.00%, 19.81%,0.00%, 53.87%, 4.64%, 7.28%, 5.73%, 3.10%, 5.57%, 0.00%, 29.75%,0.00%, 35.70%, 8.24%, 4.81%, 8.24%, 4.69%, 8.58%, 0.00%, 31.69%,0.00%, 23.03%, 16.93%, 5.12%, 10.43%, 3.15%, 9.65%,0.00%, 0.0, 67.2, 75.1, 31.4, 156.0, 0.0, 1628.0, 2.400, 23
77, b-SLICE,   11, 34.00,       9584, 0,3.35,34.591, 39.130, 40.648, 35.915,24, 10 6 ,12 14 , 0.00%,  0.00%,  0.00%, 0.00%,  0.00%,  0.00%, 0.00%,  0.00%,  0.00%, 0.00%,  0.00%,  0.00%, 0.00%,  3.95%,  1.90%, 19.12%,  9.79%,  7.74%,  7.74%,  6.64%,  7.74%,  0.00%,  4.11%,  2.69%,  4.27%,  1.74%,  9.32%,  7.27%,  6.00%, 87184.61, 13005.07, 8713.35, 90306.26 , 16, 235, 102.32, 80, 197, 114.48, 78, 170, 139.15, 0.00%, 22.92%,0.00%, 52.08%, 0.00%, 4.17%, 14.58%, 4.17%, 2.08%, 0.00%, 28.52%,0.00%, 47.99%, 2.68%, 2.68%, 10.74%, 1.51%, 5.87%, 0.00%, 39.13%,0.00%, 27.95%, 2.48%, 4.04%, 10.87%, 4.97%, 10.56%, 0.00%, 41.67%,0.00%, 16.67%, 10.26%, 2.24%, 10.58%, 3.53%, 15.06%,0.00%, 0.0, 113.2, 56.9, 27.9, 103.7, 0.0, 1694.3, 2.237, 25
78, b-SLICE,   13, 34.00,       9928, 0,3.22,34.517, 39.112, 40.561, 35.847,22, 12 10 6 ,14 , 0.00%,  0.00%,  0.00%, 0.00%,  0.00%,  0.00%, 0.00%,  0.00%,  0.00%, 0.00%,  0.00%,  0.00%, 0.00%,  3.83%,  2.07%, 21.21%, 10.85%,  9.89%,  6.86%,  7.66%,  4.15%,  0.00%,  4.31%,  5.26%,  2.71%,  1.28%,  7.81%,  6.86%,  5.26%, 88787.89, 13144.04, 8566.01, 91479.80 , 16, 235, 103.01, 81, 189, 114.33, 71, 171, 139.18, 0.00%, 17.78%,0.00%, 53.33%, 0.00%, 6.67%, 13.33%, 3.33%, 5.56%, 0.00%, 24.76%,0.00%, 50.49%, 2.61%, 4.56%, 8.47%, 2.77%, 6.35%, 0.00%, 41.99%,0.00%, 31.49%, 2.76%, 4.14%, 11.88%, 1.38%, 6.35%, 0.00%, 40.32%,0.00%, 28.23%, 10.48%, 2.02%, 5.24%, 2.82%, 10.89%,0.00%, 0.0, 81.1, 56.9, 27.9, 112.1, 0.0, 1631.0, 2.541, 33
79, P-SLICE,   18, 32.00,      85440, 0,3.20,34.608, 39.071, 40.542, 35.907,17, 14 12 10 6 , -, 0.00%,  0.00%,  0.00%, 0.04%,  0.07%,  0.07%, 0.18%,  0.04%,  0.55%, 0.85%,  0.29%,  4.93%, 0.00%,  0.00%,  0.11%,  3.13%,  3.57%, 13.83%,  7.69%, 33.70%, 15.67%,  0.00%,  0.11%,  1.69%,  4.12%,  0.07%,  0.37%,  2.10%,  6.81%, 90225.30, 13385.90, 6787.44, 189088.69 , 16, 235, 103.44, 81, 192, 114.41, 74, 170, 139.14, 0.00%, 40.00%,0.00%, 0.00%, 0.00%, 0.00%, 0.00%, 50.00%, 10.00%, 2.17%, 5.65%,0.00%, 31.30%, 18.70%, 10.43%, 5.65%, 16.96%, 9.13%, 2.96%, 14.53%,0.00%, 28.91%, 24.12%, 7.83%, 6.42%, 8.53%, 6.70%, 9.15%, 16.46%,0.00%, 22.51%, 28.27%, 3.19%, 8.79%, 2.47%, 9.17%,0.00%, 0.1, 57.5, 108.5, 27.9, 272.1, 0.0, 1551.2, 3.170, 22
80, B-SLICE,   16, 33.00,      29096, 0,3.27,34.567, 39.136, 40.587, 35.890,19, 14 12 10 ,18 , 0.00%,  0.00%,  0.00%, 0.00%,  0.00%,  0.00%, 0.00%,  0.00%,  0.00%, 0.00%,  0.00%,  0.00%, 0.00%,  0.55%,  0.27%, 10.70%,  4.02%, 17.18%,  7.77%, 18.27%, 14.93%,  0.00%,  1.98%,  4.50%,  6.68%,  0.14%,  2.93%,  4.43%,  5.66%, 88445.25, 13069.81, 7915.28, 102095.47 , 16, 235, 103.33, 79, 192, 114.35, 72, 170, 139.11, 0.00%, 14.29%,0.00%, 57.14%, 0.00%, 3.57%, 17.86%, 3.57%, 3.57%, 0.00%, 22.64%,0.00%, 54.40%, 4.40%, 4.25%, 5.82%, 2.52%, 5.97%, 0.00%, 26.36%,0.00%, 39.03%, 11.67%, 4.73%, 5.33%, 3.22%, 9.66%, 0.00%, 27.10%,0.00%, 21.71%, 18.41%, 5.16%, 7.86%, 4.49%, 15.27%,0.00%, 0.0, 76.7, 85.6, 41.5, 170.8, 0.0, 1627.8, 2.437, 27
81, b-SLICE,   15, 34.00,       8488, 0,3.27,34.557, 39.157, 40.587, 35.886,20, 14 12 ,16 18 , 0.00%,  0.00%,  0.00%, 0.00%,  0.00%,  0.00%, 0.00%,  0.00%,  0.00%, 0.00%,  0.00%,  0.00%, 0.00%,  3.84%,  1.92%, 21.64%, 13.61%,  7.68%,  8.90%,  4.54%,  4.54%,  0.00%,  4.01%,  3.66%,  1.57%,  2.09%, 10.82%,  5.76%,  5.41%, 87889.86, 13033.70, 8779.95, 89567.39 , 16, 235, 103.33, 80, 188, 114.34, 71, 171, 139.17, 0.00%, 26.67%,0.00%, 48.89%, 0.00%, 2.22%, 6.67%, 3.33%, 12.22%, 0.00%, 26.81%,0.00%, 45.43%, 3.15%, 3.47%, 8.52%, 3.00%, 9.62%, 0.00%, 36.24%,0.00%, 24.83%, 4.70%, 4.03%, 14.09%, 2.68%, 13.42%, 0.00%, 43.48%,0.00%, 21.74%, 6.52%, 2.72%, 5.98%, 2.17%, 17.39%,0.00%, 0.0, 90.9, 54.6, 28.7, 99.7, 0.9, 1699.2, 2.459, 22
82, b-SLICE,   17, 34.00,       9312, 0,3.35,34.416, 39.174, 40.612, 35.785,18, 16 14 12 ,18 , 0.00%,  0.00%,  0.00%, 0.00%,  0.00%,  0.00%, 0.00%,  0.00%,  0.00%, 0.00%,  0.00%,  0.00%, 0.00%,  4.86%,  0.87%, 23.61%, 10.94%, 13.37%,  5.38%,  4.69%,  3.47%,  0.00%,  3.99%,  6.08%,  0.52%,  1.56%, 12.50%,  5.73%,  2.43%, 90800.47, 12971.94, 8890.98, 93485.28 , 16, 235, 103.42, 79, 190, 114.37, 72, 171, 139.11, 0.00%, 21.43%,0.00%, 64.29%, 2.38%, 1.19%, 5.95%, 1.19%, 3.57%, 0.00%, 29.32%,0.00%, 47.53%, 3.70%, 3.70%, 5.86%, 2.16%, 7.72%, 0.00%, 38.64%,0.00%, 36.36%, 7.39%, 1.99%, 7.10%, 1.70%, 6.82%, 0.00%, 26.56%,0.00%, 23.44%, 18.75%, 8.59%, 8.59%, 2.34%, 11.72%,0.00%, 0.0, 63.0, 54.6, 28.7, 111.9, 1.8, 1618.5, 2.911, 23
83, P-SLICE,   22, 32.00,      88248, 0,3.25,34.640, 39.018, 40.435, 35.912,13, 18 16 14 12 , -, 0.00%,  0.00%,  0.00%, 0.00%,  0.04%,  0.22%, 0.26%,  0.11%,  0.97%, 0.67%,  0.34%,  5.21%, 0.00%,  0.04%,  0.15%,  3.82%,  2.96%, 14.91%,  7.08%, 34.46%, 15.09%,  0.00%,  0.04%,  1.54%,  3.86%,  0.00%,  0.41%,  2.28%,  5.54%, 89765.39, 13750.07, 6714.24, 191331.81 , 16, 235, 103.43, 82, 190, 114.59, 76, 171, 139.00, 0.00%, 0.00%,0.00%, 0.00%, 20.00%, 40.00%, 0.00%, 40.00%, 0.00%, 3.04%, 5.22%,0.00%, 33.48%, 23.91%, 9.13%, 6.09%, 13.48%, 5.65%, 4.97%, 14.07%,0.00%, 28.69%, 26.21%, 7.31%, 6.34%, 6.28%, 6.14%, 9.54%, 14.43%,0.00%, 23.68%, 29.20%, 3.22%, 8.33%, 2.64%, 8.97%,0.00%, 0.1, 62.9, 112.3, 28.7, 297.2, 0.0, 1569.2, 3.133, 31
84, B-SLICE,   20, 33.00,      29144, 0,3.08,34.453, 39.169, 40.609, 35.812,15, 18 16 12 ,22 , 0.00%,  0.00%,  0.00%, 0.00%,  0.00%,  0.00%, 0.00%,  0.00%,  0.00%, 0.00%,  0.00%,  0.00%, 0.00%,  0.60%,  0.15%, 12.32%,  7.11%, 15.65%,  5.90%, 17.46%, 11.56%,  0.00%,  1.59%,  4.99%,  8.54%,  0.30%,  2.87%,  4.08%,  6.88%, 90982.15, 12985.51, 7765.59, 107129.90 , 16, 235, 103.00, 81, 190, 114.41, 73, 170, 139.09, 0.00%, 28.57%,0.00%, 57.14%, 0.00%, 10.71%, 3.57%, 0.00%, 0.00%, 0.00%, 17.05%,0.00%, 49.42%, 6.36%, 5.49%, 6.94%, 7.23%, 7.51%, 0.00%, 29.28%,0.00%, 39.45%, 11.91%, 5.83%, 5.09%, 3.72%, 4.71%, 0.00%, 34.69%,0.00%, 21.09%, 18.20%, 5.10%, 8.33%, 3.49%, 9.10%,0.00%, 0.0, 84.0, 80.5, 36.6, 175.9, 0.0, 1676.8, 2.711, 33
85, b-SLICE,   19, 34.00,      10848, 0,3.28,34.415, 39.167, 40.639, 35.787,16, 18 16 ,20 22 , 0.00%,  0.00%,  0.00%, 0.00%,  0.00%,  0.00%, 0.00%,  0.00%,  0.00%, 0.00%,  0.00%,  0.00%, 0.00%,  3.58%,  1.43%, 18.88%,  9.59%,  9.59%,  7.15%,  5.72%,  8.87%,  0.00%,  4.01%,  3.43%,  1.00%,  0.86%,  8.15%,  9.30%,  8.44%, 90892.69, 12949.36, 8760.33, 94242.83 , 16, 235, 103.23, 81, 189, 114.39, 72, 170, 139.09, 0.00%, 14.63%,0.00%, 60.98%, 0.00%, 2.44%, 14.63%, 2.44%, 4.88%, 0.00%, 27.07%,0.00%, 49.04%, 2.55%, 2.87%, 6.37%, 3.50%, 8.60%, 0.00%, 43.20%,0.00%, 27.67%, 4.85%, 4.13%, 9.47%, 2.18%, 8.50%, 0.00%, 39.29%,0.00%, 16.67%, 7.14%, 3.87%, 11.01%, 4.46%, 17.56%,0.00%, 0.0, 99.0, 57.7, 23.9, 123.5, 0.0, 1747.6, 2.659, 33
86, b-SLICE,   21, 34.00,      10024, 0,3.23,34.413, 39.168, 40.599, 35.781,14, 20 18 16 ,22 , 0.00%,  0.00%,  0.00%, 0.00%,  0.00%,  0.00%, 0.00%,  0.00%,  0.00%, 0.00%,  0.00%,  0.00%, 0.00%,  3.54%,  1.77%, 21.74%,  9.18%, 12.24%,  5.64%,  5.15%,  5.48%,  0.00%,  4.99%,  4.83%,  3.38%,  1.77%,  9.66%,  5.31%,  5.31%, 90818.96, 12997.87, 8563.93, 93992.24 , 16, 235, 102.90, 81, 191, 114.45, 70, 170, 139.08, 0.00%, 25.00%,0.00%, 50.00%, 0.00%, 4.55%, 9.09%, 4.55%, 6.82%, 0.00%, 29.07%,0.00%, 48.88%, 3.83%, 3.35%, 6.23%, 1.76%, 6.87%, 0.00%, 36.21%,0.00%, 39.08%, 4.60%, 3.16%, 5.46%, 3.74%, 7.76%, 0.00%, 45.00%,0.00%, 19.17%, 7.50%, 4.17%, 11.67%, 2.92%, 9.58%,0.00%, 0.0, 73.9, 57.7, 23.9, 100.3, 0.0, 1667.7, 2.815, 32
87, P-SLICE,   27, 32.00,      90472, 0,3.23,34.622, 38.947, 40.410, 35.886,8, 22 20 18 16 , -, 0.00%,  0.00%,  0.00%, 0.14%,  0.00%,  0.14%, 0.11%,  0.07%,  1.15%, 0.50%,  0.29%,  5.24%, 0.00%,  0.00%,  0.04%,  4.13%,  3.09%, 13.63%,  5.96%, 34.63%, 16.54%,  0.00%,  0.07%,  1.33%,  4.23%,  0.00%,  0.25%,  2.15%,  6.32%, 90118.42, 13831.87, 6535.04, 201166.38 , 16, 235, 104.73, 81, 190, 115.22, 75, 169, 138.62, 0.00%, 0.00%,0.00%, 0.00%, 0.00%, 100.00%, 0.00%, 0.00%, 0.00%, 3.23%, 3.63%,0.00%, 37.90%, 20.56%, 9.88%, 5.44%, 10.48%, 8.87%, 5.44%, 14.26%,0.00%, 31.32%, 24.56%, 5.07%, 5.66%, 6.54%, 7.13%, 8.90%, 15.57%,0.00%, 23.46%, 27.65%, 3.12%, 9.38%, 2.78%, 9.14%,0.00%, 0.1, 73.8, 109.8, 24.0, 291.8, 0.0, 1516.3, 3.311, 30
88, B-SLICE,   25, 33.00,      35200, 0,3.25,34.407, 39.020, 40.472, 35.742,10, 22 20 16 ,27 , 0.00%,  0.00%,  0.00%, 0.00%,  0.00%,  0.00%, 0.00%,  0.00%,  0.00%, 0.00%,  0.00%,  0.00%, 0.00%,  0.51%,  0.19%,  8.72%,  5.79%, 16.98%,  8.78%, 19.91%, 13.10%,  0.00%,  0.89%,  4.07%,  6.11%,  0.13%,  2.04%,  5.34%,  7.44%, 92531.41, 13436.35, 7254.96, 119793.49 , 16, 235, 105.27, 81, 190, 114.89, 74, 169, 138.80, 0.00%, 15.38%,0.00%, 38.46%, 23.08%, 11.54%, 3.85%, 7.69%, 0.00%, 0.00%, 15.13%,0.00%, 43.42%, 11.51%, 7.07%, 6.41%, 6.41%, 10.03%, 0.00%, 26.76%,0.00%, 31.65%, 16.64%, 6.42%, 7.50%, 4.61%, 6.42%, 0.00%, 29.10%,0.00%, 21.72%, 21.04%, 6.01%, 10.25%, 2.94%, 8.95%,0.00%, 0.0, 85.0, 91.8, 37.8, 192.2, 0.0, 1632.2, 2.526, 30
89, b-SLICE,   23, 34.00,      17752, 0,3.00,34.280, 39.058, 40.432, 35.646,12, 22 20 ,25 27 , 0.00%,  0.00%,  0.00%, 0.00%,  0.00%,  0.00%, 0.00%,  0.00%,  0.00%, 0.00%,  0.00%,  0.00%, 0.00%,  1.13%,  0.82%, 16.10%,  7.49%, 12.31%,  7.59%, 11.90%,  9.13%,  0.00%,  2.56%,  3.28%,  2.87%,  0.92%,  4.82%,  7.28%, 11.79%, 94304.80, 13405.08, 8253.55, 102626.49 , 16, 235, 104.18, 82, 187, 114.69, 77, 170, 138.90, 0.00%, 32.14%,0.00%, 39.29%, 0.00%, 5.36%, 5.36%, 3.57%, 14.29%, 0.00%, 21.69%,0.00%, 51.81%, 4.52%, 4.22%, 6.33%, 3.01%, 8.43%, 0.00%, 34.68%,0.00%, 30.98%, 9.43%, 5.39%, 8.75%, 3.03%, 7.74%, 0.00%, 41.09%,0.00%, 19.54%, 13.79%, 3.59%, 11.35%, 2.87%, 7.76%,0.00%, 0.0, 102.5, 77.3, 32.1, 148.4, 0.0, 1788.4, 2.296, 32
90, b-SLICE,   24, 34.00,      17384, 0,3.39,34.273, 39.099, 40.522, 35.657,11, 22 20 ,25 27 , 0.00%,  0.00%,  0.00%, 0.00%,  0.00%,  0.00%, 0.00%,  0.00%,  0.00%, 0.00%,  0.00%,  0.00%, 0.00%,  0.92%,  1.33%, 14.27%,  9.58%, 11.42%,  8.97%, 12.44%,  9.28%,  0.00%,  2.85%,  4.18%,  5.40%,  0.20%,  5.50%,  6.93%,  6.73%, 94329.27, 13230.86, 8214.06, 101719.41 , 16, 235, 104.83, 81, 190, 114.79, 74, 172, 138.88, 0.00%, 8.33%,0.00%, 37.50%, 0.00%, 6.25%, 10.42%, 14.58%, 22.92%, 0.00%, 23.70%,0.00%, 45.09%, 4.05%, 6.94%, 9.54%, 3.90%, 6.79%, 0.00%, 35.28%,0.00%, 32.36%, 3.88%, 2.59%, 11.33%, 5.18%, 9.39%, 0.00%, 35.84%,0.00%, 25.90%, 10.84%, 4.37%, 7.08%, 4.67%, 11.30%,0.00%, 0.0, 69.4, 77.4, 32.1, 134.7, 0.0, 1726.9, 2.556, 25
91, b-SLICE,   26, 34.00,      11136, 0,3.26,34.400, 39.045, 40.476, 35.740,9, 25 22 20 ,27 , 0.00%,  0.00%,  0.00%, 0.00%,  0.00%,  0.00%, 0.00%,  0.00%,  0.00%, 0.00%,  0.00%,  0.00%, 0.00%,  2.94%,  0.88%, 16.74%,  9.84%,  8.66%,  3.08%,  8.81%,  6.90%,  0.00%,  4.55%,  4.99%,  4.55%,  1.47%, 15.12%,  7.05%,  4.41%, 91407.13, 13371.47, 8299.06, 96079.19 , 16, 235, 105.19, 81, 193, 115.07, 75, 169, 138.69, 0.00%, 27.78%,0.00%, 55.56%, 0.00%, 2.78%, 5.56%, 4.17%, 4.17%, 0.00%, 38.84%,0.00%, 39.42%, 2.32%, 2.32%, 6.67%, 2.61%, 7.83%, 0.00%, 50.62%,0.00%, 29.63%, 6.79%, 2.16%, 3.40%, 2.47%, 4.94%, 0.00%, 36.31%,0.00%, 22.62%, 13.10%, 5.95%, 6.55%, 2.38%, 13.10%,0.00%, 0.0, 69.3, 77.4, 32.1, 108.9, 0.0, 1638.6, 2.467, 27
92, P-SLICE,   31, 32.00,      78080, 0,3.40,34.641, 39.372, 40.044, 35.908,4, 27 25 22 20 , -, 0.00%,  0.00%,  0.00%, 0.08%,  0.00%,  0.23%, 0.04%,  0.00%,  0.35%, 0.35%,  0.12%,  4.48%, 0.00%,  0.12%,  0.08%,  4.41%,  3.47%, 15.56%,  6.16%, 33.61%, 14.62%,  0.00%,  0.00%,  1.17%,  5.54%,  0.00%,  0.31%,  2.85%,  6.47%, 89412.24, 13903.64, 6443.96, 202411.76 , 16, 235, 103.05, 82, 187, 116.40, 75, 173, 138.79, 0.00%, 0.00%,0.00%, 40.00%, 20.00%, 0.00%, 0.00%, 30.00%, 10.00%, 3.23%, 3.23%,0.00%, 32.66%, 25.00%, 11.09%, 5.85%, 13.31%, 5.65%, 1.49%, 15.37%,0.00%, 29.55%, 30.00%, 5.60%, 4.70%, 6.34%, 6.94%, 7.60%, 18.42%,0.00%, 21.95%, 29.61%, 2.78%, 7.92%, 2.57%, 9.15%,0.00%, 0.0, 17.3, 105.0, 32.2, 269.5, 0.0, 1561.9, 3.163, 34
93, B-SLICE,   29, 33.00,      25496, 0,3.09,34.535, 39.044, 40.533, 35.848,6, 27 25 20 ,31 , 0.00%,  0.00%,  0.00%, 0.00%,  0.00%,  0.00%, 0.00%,  0.00%,  0.00%, 0.00%,  0.00%,  0.00%, 0.00%,  1.13%,  0.61%, 14.50%,  5.30%, 12.24%,  7.20%, 19.88%, 11.02%,  0.00%,  2.00%,  3.04%,  6.34%,  0.43%,  3.91%,  6.25%,  6.16%, 89137.10, 13322.57, 7799.36, 102937.73 , 16, 235, 103.64, 81, 191, 115.67, 76, 172, 138.52, 0.00%, 20.00%,0.00%, 48.00%, 4.00%, 6.00%, 6.00%, 0.00%, 16.00%, 0.00%, 20.86%,0.00%, 55.21%, 5.21%, 2.61%, 6.90%, 2.61%, 6.60%, 0.00%, 32.33%,0.00%, 33.84%, 8.76%, 4.83%, 10.27%, 2.11%, 7.85%, 0.00%, 28.80%,0.00%, 25.60%, 20.20%, 4.10%, 8.50%, 3.70%, 9.10%,0.00%, 0.0, 33.2, 72.3, 35.6, 149.3, 0.0, 1666.6, 2.622, 24
94, b-SLICE,   28, 34.00,      11016, 0,3.12,34.404, 38.981, 40.623, 35.754,7, 27 25 ,29 31 , 0.00%,  0.00%,  0.00%, 0.00%,  0.00%,  0.00%, 0.00%,  0.00%,  0.00%, 0.00%,  0.00%,  0.00%, 0.00%,  4.51%,  1.60%, 16.45%,  7.28%,  7.71%,  6.84%, 10.77%,  7.28%,  0.00%,  3.49%,  4.66%,  4.37%,  1.75%,  6.99%,  7.28%,  9.02%, 91171.70, 13301.23, 8352.42, 95585.73 , 16, 235, 104.28, 81, 188, 115.44, 74, 169, 138.56, 0.00%, 22.22%,0.00%, 57.41%, 0.00%, 0.00%, 3.70%, 5.56%, 11.11%, 0.00%, 27.17%,0.00%, 50.57%, 3.40%, 3.21%, 5.47%, 2.45%, 7.74%, 0.00%, 45.05%,0.00%, 24.73%, 4.40%, 2.47%, 9.62%, 3.57%, 10.16%, 0.00%, 42.59%,0.00%, 26.39%, 7.87%, 2.55%, 7.18%, 3.47%, 9.95%,0.00%, 0.0, 41.1, 47.5, 19.6, 114.1, 0.0, 1694.7, 2.904, 41
95, b-SLICE,   30, 34.00,       8848, 0,3.22,34.427, 39.291, 40.398, 35.781,5, 29 27 25 ,31 , 0.00%,  0.00%,  0.00%, 0.00%,  0.00%,  0.00%, 0.00%,  0.00%,  0.00%, 0.00%,  0.00%,  0.00%, 0.00%,  7.88%,  1.82%, 21.82%,  8.89%,  8.28%,  4.24%,  5.05%,  5.66%,  0.00%,  3.23%,  4.44%,  4.04%,  3.03%, 10.91%,  7.68%,  3.03%, 90725.09, 13044.76, 8324.41, 93642.64 , 16, 235, 103.16, 82, 194, 116.04, 76, 171, 138.64, 0.00%, 23.81%,0.00%, 55.56%, 6.35%, 0.79%, 5.56%, 1.59%, 6.35%, 0.00%, 27.78%,0.00%, 52.38%, 2.38%, 0.79%, 5.95%, 0.79%, 9.92%, 0.00%, 49.18%,0.00%, 29.51%, 4.10%, 1.23%, 3.69%, 1.23%, 11.07%, 0.00%, 39.77%,0.00%, 22.73%, 5.68%, 2.84%, 5.11%, 6.25%, 17.61%,0.00%, 0.0, 41.0, 47.5, 19.6, 107.5, 0.0, 1667.3, 3.007, 40
96, I-SLICE,    0, 29.00,     286736, 0,3.57,37.321, 39.807, 40.621, 38.044,3,  -, -, 0.00%,  0.00%,  0.00%, 0.19%,  0.09%,  0.73%, 1.84%,  0.63%,  6.43%, 6.45%,  2.62%, 35.09%,45.93%,  0.00%,  0.00%,  0.00%,  0.00%,  0.00%,  0.00%,  0.00%,  0.00%,  0.00%,  0.00%,  0.00%,  0.00%,  0.00%,  0.00%,  0.00%,  0.00%, 48191.44, 12703.37, 4974.13, 436602.20 , 16, 235, 103.02, 82, 191, 116.78, 83, 174, 138.98, 0.00%, 0.00%,0.00%, 0.00%, 0.00%, 0.00%, 0.00%, 0.00%, 0.00%, 65.91%, 0.00%,0.00%, 34.09%, 0.00%, 0.00%, 0.00%, 0.00%, 0.00%, 100.00%, 0.00%,0.00%, 0.00%, 0.00%, 0.00%, 0.00%, 0.00%, 0.00%, 100.00%, 0.00%,0.00%, 0.00%, 0.00%, 0.00%, 0.00%, 0.00%, 0.00%,100.00%, 0.0, 0.0, 182.0, 0.0, 547.7, 0.0, 1692.6, 3.437, 35
97, P-SLICE,    3, 32.00,      51048, 0,3.31,35.620, 39.978, 40.146, 36.730,0, 0 , -, 0.00%,  0.00%,  0.00%, 0.00%,  0.00%,  0.13%, 0.04%,  0.00%,  0.13%, 0.21%,  0.08%,  2.44%, 0.00%,  0.13%,  0.00%,  4.33%,  3.45%, 15.97%,  8.91%, 22.99%, 15.80%,  0.00%,  0.13%,  3.70%,  6.47%,  0.00%,  0.88%,  5.04%,  9.16%, 71225.41, 12615.96, 5324.08, 116171.44 , 16, 235, 103.01, 81, 192, 117.66, 74, 175, 139.26, 0.00%, 0.00%,0.00%, 33.33%, 66.67%, 0.00%, 0.00%, 0.00%, 0.00%, 1.24%, 9.92%,0.00%, 29.34%, 25.62%, 8.26%, 6.61%, 11.98%, 7.02%, 0.50%, 25.87%,0.00%, 27.86%, 19.40%, 5.97%, 8.46%, 5.72%, 6.22%, 4.78%, 27.35%,0.00%, 18.24%, 21.99%, 5.18%, 9.23%, 4.67%, 8.57%,0.00%, 13.0, 76.3, 106.7, 57.4, 166.2, 5.4, 1644.9, 2.185, 37
98, B-SLICE,    2, 33.00,      16592, 0,3.47,35.703, 40.071, 40.260, 36.819,1, 0 ,3 , 0.00%,  0.00%,  0.00%, 0.00%,  0.00%,  0.00%, 0.00%,  0.00%,  0.00%, 0.00%,  0.00%,  0.00%, 0.00%,  0.58%,  0.00%, 14.77%,  9.72%,  7.29%,  6.90%, 11.95%,  9.91%,  0.00%,  2.14%,  3.21%,  6.03%,  0.29%, 10.88%,  7.68%,  8.65%, 68004.13, 12020.59, 6239.29, 75290.16 , 16, 235, 102.95, 81, 186, 117.39, 77, 174, 139.25, 0.00%, 33.33%,0.00%, 66.67%, 0.00%, 0.00%, 0.00%, 0.00%, 0.00%, 0.00%, 32.21%,0.00%, 40.38%, 3.37%, 2.52%, 7.57%, 3.25%, 10.70%, 0.00%, 43.41%,0.00%, 22.87%, 6.20%, 5.43%, 11.24%, 2.91%, 7.95%, 0.00%, 40.16%,0.00%, 21.28%, 11.44%, 3.32%, 7.58%, 4.79%, 11.44%,0.00%, 0.0, 130.8, 62.7, 29.2, 104.0, 4.9, 1712.3, 2.459, 27
99, b-SLICE,    1, 34.00,       8848, 0,3.22,35.797, 40.047, 40.329, 36.895,2, 0 ,2 3 , 0.00%,  0.00%,  0.00%, 0.00%,  0.00%,  0.00%, 0.00%,  0.00%,  0.00%, 0.00%,  0.00%,  0.00%, 0.00%,  0.40%,  0.54%, 17.54%,  9.85%,  9.18%,  6.48%,  4.99%,  4.86%,  0.00%,  6.07%,  5.67%,  3.37%,  0.81%, 20.24%,  7.02%,  2.97%, 66075.19, 11962.07, 6589.40, 68600.57 , 16, 235, 102.83, 81, 196, 117.12, 81, 175, 139.21, 0.00%, 46.15%,0.00%, 23.08%, 0.00%, 7.69%, 7.69%, 3.85%, 11.54%, 0.00%, 45.56%,0.00%, 35.51%, 1.87%, 2.80%, 7.24%, 2.10%, 4.91%, 0.00%, 44.76%,0.00%, 26.19%, 6.19%, 3.33%, 6.67%, 3.81%, 9.05%, 0.00%, 39.17%,0.00%, 22.50%, 8.33%, 3.33%, 10.00%, 5.83%, 10.83%,0.00%, 0.0, 144.4, 46.6, 21.5, 92.4, 4.8, 1787.5, 2.763, 34
